{"scores":{"1":0.02926940639269407,"2":0.023356164383561646,"3":0.02625570776255708,"4":0.026118721461187218,"5":0.02605022831050229,"6":0.026963470319634707,"7":0.024748858447488586,"8":0.02748858447488585,"9":0.0247716894977169,"10":0.029315068493150687,"11":0.029086757990867584,"12":0.0226027397260274,"13":0.029634703196347034,"14":0.03358447488584474,"15":0.03602739726027396,"16":0.02310502283105023,"17":0.027305936073059367,"18":0.03127853881278539,"19":0.03050228310502283,"20":0.029406392694063928,"21":0.024200913242009136,"22":0.03123287671232876,"23":0.03276255707762556,"24":0.02897260273972603,"25":0.026940639269406395,"26":0.03287671232876712,"27":0.02981735159817352,"28":0.03015981735159818,"29":0.02988584474885845,"30":0.0280365296803653,"31":0.024703196347031966,"32":0.02705479452054795,"33":0.03477168949771688,"34":0.03347031963470319,"35":0.028242009132420094},"pair_scores":{"7":{"10":0.061116236162361635,"22":0.051199261992619934,"34":0.051199261992619934,"11":0.040359778597785986,"28":0.036900369003690044,"14":0.03574723247232473,"13":0.03505535055350554,"19":0.03459409594095942,"1":0.0334409594095941,"35":0.0334409594095941,"15":0.03228782287822879,"6":0.031595940959409596,"26":0.031134686346863474,"23":0.029981549815498162,"12":0.029981549815498162},"9":{"35":0.05000000000000001,"27":0.04746543778801844,"31":0.04700460829493088,"29":0.04654377880184333,"23":0.043778801843317984,"22":0.03847926267281107,"15":0.03778801843317973,"17":0.03617511520737328,"13":0.03617511520737328,"30":0.035714285714285726,"8":0.03502304147465438,"10":0.033870967741935494,"4":0.03041474654377881,"33":0.029262672811059914,"24":0.027649769585253465},"10":{"7":0.05159657320872275,"1":0.04906542056074767,"15":0.04887071651090343,"22":0.04361370716510904,"5":0.04166666666666667,"3":0.040303738317757014,"18":0.03816199376947041,"32":0.034852024922118384,"8":0.034852024922118384,"29":0.03446261682242991,"6":0.033489096573208726,"11":0.033489096573208726,"27":0.03154205607476636,"30":0.03115264797507789,"28":0.02959501557632399},"16":{"15":0.04916007905138341,"11":0.04792490118577076,"1":0.044219367588932815,"2":0.04298418972332017,"28":0.04249011857707511,"12":0.03878458498023716,"25":0.038043478260869575,"33":0.03730237154150198,"23":0.03582015810276681,"8":0.035079051383399215,"13":0.035079051383399215,"29":0.03458498023715416,"24":0.03384387351778657,"10":0.03260869565217392,"20":0.030879446640316215},"19":{"27":0.06006736526946107,"14":0.0531437125748503,"21":0.04752994011976048,"23":0.045097305389221555,"18":0.045097305389221555,"11":0.04416167664670659,"33":0.0437874251497006,"13":0.04116766467065868,"25":0.0406062874251497,"15":0.03836077844311377,"26":0.03686377245508982,"29":0.03499251497005988,"22":0.03499251497005988,"1":0.03218562874251497,"4":0.030688622754491017},"6":{"4":0.06583403895004235,"35":0.0520745131244708,"17":0.050592718035563096,"3":0.04064352243861136,"23":0.04000846740050805,"30":0.03852667231160035,"10":0.03640982218458934,"13":0.03577476714648604,"5":0.03577476714648604,"14":0.03535139712108384,"20":0.03492802709568164,"28":0.03111769686706182,"8":0.03111769686706182,"2":0.030059271803556314,"27":0.030059271803556314},"12":{"14":0.06414141414141415,"11":0.047222222222222235,"31":0.04217171717171718,"22":0.04217171717171718,"16":0.03964646464646466,"19":0.038888888888888896,"1":0.038383838383838395,"23":0.038383838383838395,"34":0.03762626262626263,"5":0.03712121212121213,"18":0.03585858585858587,"25":0.035353535353535366,"28":0.03333333333333334,"7":0.03282828282828284,"27":0.031565656565656575},"14":{"19":0.04826648538409245,"22":0.04401767505098572,"12":0.04316791298436438,"28":0.04231815091774303,"27":0.04146838885112168,"23":0.040958531611148874,"13":0.03976886471787899,"4":0.03857919782460911,"20":0.03687967369136642,"15":0.03602991162474507,"8":0.03602991162474507,"1":0.03399048266485384,"26":0.03382053025152957,"35":0.03263086335825969,"18":0.03212100611828688},"18":{"29":0.0666058394160584,"20":0.049999999999999996,"15":0.045802919708029195,"19":0.043978102189781015,"26":0.0427007299270073,"33":0.04215328467153284,"34":0.0395985401459854,"23":0.03722627737226277,"25":0.03686131386861314,"10":0.03576642335766423,"30":0.03503649635036496,"14":0.034489051094890505,"17":0.03412408759124087,"35":0.031386861313868614,"5":0.02864963503649635},"25":{"28":0.04851694915254238,"19":0.04597457627118645,"13":0.04427966101694916,"18":0.04279661016949154,"1":0.040677966101694926,"30":0.03961864406779662,"14":0.039194915254237295,"32":0.038559322033898315,"33":0.037500000000000006,"20":0.0364406779661017,"34":0.035381355932203394,"3":0.03432203389830509,"21":0.03326271186440679,"16":0.0326271186440678,"11":0.030720338983050856},"2":{"23":0.05351906158357772,"34":0.051808406647116334,"24":0.04814271749755621,"22":0.04814271749755621,"16":0.042521994134897365,"31":0.040322580645161296,"4":0.03592375366568915,"6":0.03470185728250245,"29":0.034213098729227766,"20":0.03299120234604106,"10":0.03299120234604106,"15":0.03225806451612904,"33":0.03103616813294233,"3":0.029814271749755625,"30":0.029325513196480944},"8":{"14":0.044019933554817293,"21":0.04298172757475085,"24":0.04049003322259138,"1":0.04049003322259138,"30":0.04028239202657809,"26":0.04028239202657809,"35":0.04028239202657809,"27":0.03924418604651164,"33":0.03716777408637875,"10":0.03716777408637875,"17":0.03675249169435217,"34":0.03467607973421928,"22":0.03259966777408639,"32":0.03259966777408639,"9":0.031561461794019946},"23":{"22":0.04721254355400697,"27":0.04250871080139373,"14":0.04198606271777003,"19":0.04198606271777003,"33":0.041114982578397206,"2":0.03815331010452962,"1":0.03815331010452962,"13":0.037282229965156795,"18":0.03554006968641115,"26":0.0337979094076655,"21":0.0337979094076655,"9":0.033101045296167246,"34":0.03292682926829268,"6":0.03292682926829268,"3":0.029094076655052262},"24":{"15":0.06639085894405045,"33":0.046099290780141855,"34":0.04412923561859733,"26":0.041765169424743905,"2":0.038810086682427115,"8":0.03841607565011822,"32":0.037234042553191495,"11":0.03329393223010245,"29":0.032899921197793544,"27":0.032899921197793544,"23":0.032505910165484646,"3":0.03191489361702128,"18":0.03092986603624902,"22":0.029944838455476762,"10":0.029550827423167857},"1":{"15":0.05050702028081124,"10":0.04914196567862716,"23":0.04270670826833074,"14":0.03900156006240251,"8":0.03802652106084244,"33":0.03783151326053043,"25":0.037441497659906404,"26":0.03549141965678628,"16":0.03490639625585024,"19":0.03354134165366616,"28":0.03159126365054603,"5":0.03159126365054603,"27":0.031201248049922005,"12":0.029641185647425905,"18":0.028666146645865843},"13":{"27":0.0469953775038521,"34":0.046802773497688764,"14":0.04506933744221881,"19":0.042372881355932215,"23":0.04121725731895225,"25":0.040254237288135604,"22":0.040254237288135604,"32":0.03890600924499231,"31":0.038328197226502325,"35":0.0340909090909091,"6":0.032550077041602475,"4":0.03216486902927582,"20":0.031201848998459177,"21":0.031201848998459177,"29":0.030816640986132522},"27":{"11":0.06814701378254212,"19":0.06144716692189894,"13":0.04670750382848393,"23":0.04670750382848393,"14":0.04670750382848393,"15":0.04479326186830016,"9":0.039433384379785615,"31":0.03713629402756509,"8":0.03617917304747321,"21":0.035222052067381326,"24":0.03196784073506892,"10":0.031010719754977035,"1":0.030627871362940283,"30":0.02909647779479327,"6":0.027182235834609502},"28":{"14":0.04712339137017411,"11":0.046555639666919,"5":0.043338380015140045,"25":0.043338380015140045,"20":0.03690386071158214,"15":0.03671461014383043,"30":0.036336109008327025,"35":0.03538985616956851,"33":0.035011355034065106,"22":0.03387585162755488,"31":0.03349735049205148,"16":0.03255109765329296,"1":0.030658591975775928,"32":0.03028009084027252,"7":0.03028009084027252},"33":{"34":0.054333552199606026,"26":0.053348653972422846,"15":0.047275114904793164,"29":0.03956007879185817,"23":0.03873933026920551,"24":0.03841103086014445,"19":0.03841103086014445,