{"scores":{"1":0.032033096926713946,"2":0.02836879432624114,"3":0.026312056737588654,"4":0.025862884160756505,"5":0.027021276595744687,"6":0.027446808510638302,"7":0.02881796690307329,"8":0.0257210401891253,"9":0.025815602836879437,"10":0.02952718676122932,"11":0.030165484633569745,"12":0.020898345153664302,"13":0.02770685579196218,"14":0.032482269503546095,"15":0.0299290780141844,"16":0.02257683215130024,"17":0.025460992907801423,"18":0.030969267139479912,"19":0.029125295508274234,"20":0.030898345153664308,"21":0.02522458628841608,"22":0.030165484633569745,"23":0.03174940898345154,"24":0.0298581560283688,"25":0.028936170212765962,"26":0.030756501182033102,"27":0.03104018912529551,"28":0.030401891252955088,"29":0.02749408983451537,"30":0.029030732860520096,"31":0.02562647754137116,"32":0.026950354609929082,"33":0.030543735224586293,"34":0.035791962174940885,"35":0.029290780141843976},"pair_scores":{"7":{"10":0.066447908121411,"34":0.05660377358490567,"14":0.04840032813781789,"22":0.044503691550451197,"11":0.04245283018867925,"1":0.04081214109926169,"26":0.03876127973748975,"19":0.036300246103363416,"35":0.036300246103363416,"28":0.032813781788351114,"13":0.03219852337981953,"31":0.029532403609516,"33":0.029532403609516,"30":0.029122231337161613,"15":0.028712059064807224},"9":{"23":0.051968864468864485,"35":0.0496794871794872,"31":0.04441391941391943,"17":0.042124542124542134,"1":0.040979853479853494,"29":0.04006410256410258,"22":0.03823260073260074,"26":0.03754578754578756,"30":0.036630036630036646,"4":0.03640109890109891,"13":0.035943223443223454,"18":0.03250915750915752,"8":0.03250915750915752,"6":0.03182234432234433,"20":0.03136446886446887},"10":{"7":0.06485188150520418,"1":0.06325060048038433,"3":0.0424339471577262,"5":0.04083266613290634,"30":0.03843074459567655,"22":0.03742994395516414,"28":0.035828662930344285,"6":0.03542834267413932,"26":0.03542834267413932,"11":0.03542834267413932,"14":0.033827061649319465,"2":0.03242594075260209,"27":0.03242594075260209,"4":0.030824659727782235,"15":0.030424339471577272},"16":{"2":0.04816753926701572,"11":0.04816753926701572,"20":0.04816753926701572,"23":0.045026178010471214,"15":0.043717277486911,"24":0.04293193717277488,"28":0.04109947643979059,"30":0.03979057591623038,"29":0.037958115183246086,"34":0.035863874345549746,"5":0.034554973821989535,"13":0.034554973821989535,"12":0.03141361256544504,"26":0.03141361256544504,"3":0.03062827225130891},"19":{"25":0.06148538961038963,"27":0.05113636363636366,"14":0.048092532467532485,"13":0.04768668831168833,"26":0.04545454545454547,"21":0.043019480519480534,"33":0.0424107142857143,"15":0.04159902597402599,"18":0.03733766233766235,"7":0.035917207792207806,"1":0.03287337662337664,"11":0.031858766233766246,"4":0.031250000000000014,"29":0.030438311688311702,"22":0.030438311688311702},"6":{"4":0.05900086132644273,"17":0.057278208440999144,"23":0.04651162790697675,"35":0.043927648578811374,"3":0.041343669250646004,"30":0.03919035314384152,"10":0.038113695090439284,"14":0.03703703703703704,"2":0.0363910422049957,"5":0.0363910422049957,"20":0.03552971576227391,"8":0.03380706287683032,"13":0.03316106804478898,"28":0.031653746770025845,"27":0.030577088716623603},"12":{"14":0.05090497737556562,"31":0.05005656108597285,"22":0.048642533936651584,"23":0.044400452488687785,"5":0.041572398190045254,"11":0.04100678733031675,"25":0.03959276018099548,"28":0.03733031674208145,"27":0.03676470588235294,"7":0.03676470588235294,"10":0.03393665158371041,"16":0.03393665158371041,"2":0.03308823529411765,"1":0.031108597285067877,"9":0.031108597285067877},"14":{"1":0.04712518195050946,"19":0.043122270742358075,"7":0.042940320232896644,"25":0.03948326055312955,"4":0.03948326055312955,"33":0.03930131004366812,"22":0.03766375545851528,"15":0.03675400291120815,"18":0.033478893740902474,"12":0.03275109170305677,"8":0.03275109170305677,"20":0.03275109170305677,"35":0.03220524017467249,"3":0.03184133915574963,"6":0.03129548762736535},"18":{"34":0.048854961832061075,"25":0.04370229007633589,"35":0.043129770992366416,"20":0.04236641221374047,"33":0.039312977099236646,"23":0.03893129770992367,"29":0.03854961832061069,"26":0.03854961832061069,"30":0.03664122137404581,"14":0.035114503816793895,"19":0.035114503816793895,"1":0.03416030534351146,"15":0.03416030534351146,"27":0.03377862595419848,"17":0.03282442748091604},"25":{"19":0.0618872549019608,"33":0.04718137254901962,"18":0.04677287581699348,"34":0.045138888888888895,"14":0.04432189542483661,"20":0.040645424836601315,"30":0.03921568627450982,"28":0.038194444444444454,"1":0.036151960784313736,"13":0.03513071895424837,"3":0.033088235294117654,"21":0.033088235294117654,"26":0.0320669934640523,"11":0.030637254901960793,"2":0.03043300653594772},"2":{"34":0.06104166666666669,"23":0.05125000000000002,"22":0.04666666666666668,"31":0.042083333333333355,"24":0.041041666666666685,"29":0.040416666666666684,"16":0.03833333333333335,"6":0.03520833333333335,"10":0.033750000000000016,"26":0.033125000000000016,"33":0.032083333333333346,"25":0.03104166666666668,"4":0.030625000000000013,"32":0.029583333333333347,"20":0.02916666666666668},"8":{"1":0.05330882352941178,"24":0.04710477941176472,"21":0.04526654411764707,"34":0.04457720588235295,"14":0.04136029411764707,"23":0.039522058823529424,"30":0.03722426470588236,"6":0.036075367647058834,"13":0.03538602941176471,"27":0.03377757352941177,"26":0.03377757352941177,"32":0.032628676470588244,"9":0.032628676470588244,"20":0.032169117647058834,"17":0.031020220588235302},"23":{"2":0.04579300074460164,"27":0.04579300074460164,"1":0.04300074460163812,"9":0.04225614296351452,"22":0.04169769173492182,"6":0.04020848845867461,"18":0.0379746835443038,"24":0.0366716306775875,"29":0.03387937453462398,"8":0.03201787043931497,"16":0.03201787043931497,"15":0.03201787043931497,"14":0.03015636634400596,"20":0.029225614296351454,"33":0.029225614296351454},"24":{"33":0.04572446555819479,"11":0.04414093428345211,"26":0.04097387173396676,"8":0.04057798891528109,"15":0.039786223277909746,"2":0.03899445764053841,"23":0.03899445764053841,"27":0.038400633412509905,"21":0.03543151227236739,"28":0.03444180522565322,"34":0.033056215360253376,"16":0.03246239113222487,"22":0.03246239113222487,"14":0.030482977038796523,"29":0.03008709422011086},"1":{"10":0.05830258302583027,"14":0.0477859778597786,"27":0.0444649446494465,"8":0.04280442804428045,"23":0.042619926199262,"15":0.042250922509225096,"26":0.039483394833948346,"33":0.038929889298892996,"7":0.03671586715867159,"18":0.03302583025830259,"9":0.03302583025830259,"25":0.03265682656826569,"30":0.03265682656826569,"5":0.03173431734317344,"19":0.029889298892988934},"13":{"27":0.05418088737201367,"19":0.050127986348122884,"31":0.04244880546075087,"32":0.04095563139931742,"20":0.04031569965870308,"25":0.036689419795221855,"22":0.036689419795221855,"21":0.03562286689419796,"29":0.03412969283276451,"34":0.03391638225255974,"7":0.03348976109215018,"9":0.03348976109215018,"14":0.03306313993174063,"6":0.032849829351535846,"8":0.032849829351535846},"27":{"11":0.06587966488956588,"13":0.048362528560548367,"19":0.04798172124904799,"23":0.04683929931454684,"1":0.04588728103579589,"15":0.042650418888042656,"22":0.03731911652703732,"24":0.03693830921553694,"18":0.033701447067783705,"14":0.03141660319878142,"10":0.03084539223153085,"29":0.029893373952779898,"30":0.029893373952779898,"31":0.029893373952779898,"8":0.02798933739527799},"28":{"5":0.055015552099533446,"20":0.048405909797822715,"11":0.03965785381026439,"35":0.037325038880248844,"30":0.037325038880248844,"33":0.036936236391912916,"25":0.03635303265940903,"10":0.03479782270606532,"31":0.0344090202177294,"24":0.033825816485225514,"32":0.03207620528771385,"14":0.03207620528771385,"7":0.031104199066874037,"3":0.03052099533437015,"16":0.03052099533437015},"33":{"34":0.05824303405572758,"25":0.0446981424148607,"24":0.0446981424148607,"35":0.04373065015479878,"14":0.04179566563467494,"1":0.040828173374613023,"19":0.04044117647058825,"18":0.0398606811145511,