{"scores":{"1":0.021467991169977926,"2":0.02097130242825607,"3":0.019922737306843265,"4":0.023730684326710817,"5":0.02218543046357616,"6":0.02163355408388521,"7":0.024227373068432673,"8":0.022350993377483443,"9":0.021247240618101546,"10":0.024392935982339957,"11":0.02240618101545254,"12":0.0195364238410596,"13":0.022295805739514347,"14":0.022130242825607063,"15":0.020364238410596026,"16":0.023123620309050772,"17":0.0195364238410596,"18":0.021688741721854303,"19":0.023951434878587197,"20":0.023730684326710817,"21":0.019922737306843265,"22":0.024834437086092714,"23":0.022295805739514347,"24":0.024503311258278145,"25":0.021136865342163354,"26":0.022019867549668875,"27":0.0217439293598234,"28":0.024834437086092714,"29":0.022792494481236204,"30":0.02411699779249448,"31":0.023233995584988964,"32":0.02041942604856512,"33":0.021026490066225166,"34":0.02207505518763797,"35":0.023344370860927152,"36":0.022737306843267108,"37":0.023785871964679912,"38":0.020033112582781457,"39":0.020309050772626933,"40":0.019426048565121413,"41":0.023289183222958056,"42":0.023013245033112584,"43":0.02152317880794702,"44":0.0238962472406181,"45":0.022792494481236204},"pair_scores":{"12":{"29":0.030508474576271188,"21":0.0288135593220339,"44":0.02824858757062147,"43":0.02824858757062147,"4":0.02711864406779661,"9":0.02711864406779661,"22":0.02711864406779661,"28":0.02711864406779661,"34":0.02655367231638418,"45":0.02655367231638418,"41":0.02598870056497175,"16":0.02598870056497175,"2":0.025423728813559324,"31":0.024858757062146894,"35":0.024858757062146894},"17":{"3":0.03389830508474576,"15":0.03333333333333333,"19":0.0327683615819209,"4":0.031638418079096044,"2":0.02937853107344633,"16":0.02937853107344633,"13":0.0288135593220339,"27":0.02824858757062147,"31":0.02824858757062147,"42":0.02768361581920904,"28":0.02598870056497175,"8":0.02598870056497175,"30":0.02598870056497175,"37":0.025423728813559324,"18":0.024293785310734464},"23":{"41":0.02920792079207921,"37":0.02920792079207921,"8":0.02920792079207921,"25":0.028712871287128714,"38":0.02821782178217822,"22":0.02821782178217822,"1":0.027227722772277228,"27":0.027227722772277228,"26":0.026732673267326732,"2":0.026732673267326732,"28":0.026732673267326732,"29":0.026237623762376237,"34":0.02574257425742574,"4":0.02524752475247525,"20":0.02524752475247525},"25":{"4":0.0412532637075718,"35":0.03498694516971279,"39":0.03289817232375979,"23":0.030287206266318537,"18":0.027676240208877285,"10":0.027154046997389034,"41":0.027154046997389034,"5":0.026631853785900782,"8":0.02610966057441253,"26":0.025065274151436032,"30":0.025065274151436032,"40":0.02454308093994778,"28":0.02454308093994778,"1":0.02454308093994778,"22":0.02402088772845953},"34":{"16":0.0325,"31":0.0315,"20":0.0315,"26":0.03,"18":0.03,"7":0.029,"30":0.0285,"23":0.026,"21":0.026,"6":0.0255,"35":0.025,"22":0.025,"33":0.025,"3":0.0245,"15":0.0245},"38":{"30":0.03746556473829201,"5":0.03746556473829201,"19":0.03581267217630854,"23":0.03140495867768595,"2":0.03085399449035813,"22":0.029201101928374655,"11":0.02809917355371901,"7":0.02699724517906336,"31":0.02699724517906336,"10":0.025895316804407712,"13":0.025895316804407712,"24":0.02534435261707989,"36":0.02534435261707989,"45":0.02534435261707989,"37":0.024793388429752067},"4":{"25":0.036744186046511626,"42":0.03302325581395349,"28":0.03162790697674418,"27":0.031162790697674417,"41":0.030697674418604652,"35":0.02883720930232558,"32":0.027906976744186046,"37":0.02744186046511628,"7":0.026976744186046512,"16":0.026976744186046512,"43":0.026976744186046512,"15":0.026976744186046512,"10":0.026046511627906978,"17":0.026046511627906978,"13":0.024186046511627906},"10":{"22":0.0334841628959276,"8":0.03257918552036199,"27":0.03076923076923077,"11":0.02850678733031674,"1":0.027149321266968326,"43":0.027149321266968326,"36":0.02669683257918552,"35":0.025791855203619908,"37":0.025791855203619908,"42":0.025791855203619908,"4":0.025339366515837104,"21":0.024886877828054297,"24":0.024434389140271493,"44":0.024434389140271493,"26":0.024434389140271493},"13":{"1":0.03663366336633663,"20":0.03316831683168317,"37":0.0297029702970297,"28":0.02821782178217822,"7":0.02821782178217822,"19":0.027227722772277228,"14":0.026732673267326732,"4":0.02574257425742574,"10":0.02574257425742574,"17":0.02524752475247525,"24":0.024752475247524754,"27":0.024752475247524754,"30":0.024257425742574258,"22":0.023762376237623763,"38":0.023267326732673267},"21":{"35":0.03213296398891967,"10":0.030470914127423823,"14":0.030470914127423823,"28":0.029916897506925208,"44":0.029916897506925208,"43":0.029362880886426593,"34":0.028808864265927978,"12":0.028254847645429362,"24":0.027146814404432132,"45":0.027146814404432132,"33":0.026592797783933517,"39":0.02548476454293629,"19":0.024930747922437674,"25":0.024930747922437674,"27":0.02437673130193906},"22":{"20":0.036,"10":0.03288888888888889,"36":0.030666666666666665,"44":0.030222222222222223,"18":0.029333333333333333,"5":0.028888888888888888,"31":0.028,"16":0.028,"29":0.02666666666666667,"35":0.02666666666666667,"43":0.026222222222222223,"28":0.025777777777777778,"26":0.025333333333333333,"24":0.025333333333333333,"23":0.025333333333333333},"1":{"13":0.038046272493573265,"7":0.032904884318766064,"10":0.030848329048843187,"16":0.030334190231362468,"23":0.028277634961439587,"9":0.02724935732647815,"44":0.02673521850899743,"14":0.02673521850899743,"35":0.02622107969151671,"40":0.02570694087403599,"36":0.02519280205655527,"5":0.024678663239074552,"22":0.024678663239074552,"24":0.02416452442159383,"4":0.02416452442159383},"5":{"38":0.03383084577114428,"22":0.03233830845771144,"45":0.028855721393034824,"32":0.026865671641791045,"28":0.0263681592039801,"31":0.0263681592039801,"29":0.0263681592039801,"6":0.025373134328358207,"7":0.025373134328358207,"37":0.025373134328358207,"25":0.025373134328358207,"14":0.024875621890547265,"10":0.024875621890547265,"16":0.02437810945273632,"39":0.02437810945273632},"28":{"4":0.030222222222222223,"16":0.029333333333333333,"8":0.028888888888888888,"6":0.028,"35":0.028,"44":0.027555555555555555,"11":0.026222222222222223,"20":0.025777777777777778,"22":0.025777777777777778,"45":0.025333333333333333,"13":0.025333333333333333,"36":0.024888888888888887,"42":0.024888888888888887,"43":0.024444444444444446,"21":0.024},"31":{"8":0.0332541567695962,"36":0.030403800475059382,"19":0.02992874109263658,"34":0.02992874109263658,"22":0.02992874109263658,"15":0.028978622327790974,"18":0.027553444180522565,"2":0.02660332541567696,"37":0.02660332541567696,"24":0.025653206650831355,"5":0.02517814726840855,"43":0.02470308788598575,"35":0.02470308788598575,"28":0.024228028503562947,"29":0.024228028503562947},"44":{"6":0.03418013856812933,"29":0.03279445727482679,"22":0.03140877598152425,"7":0.03002309468822171,"14":0.029099307159353348,"28":0.028637413394919167,"20":0.02817551963048499,"11":0.02771362586605081,"45":0.02725173210161663,"19":0.02678983833718245,"24":0.02678983833718245,"37":0.025866050808314087,"30":0.024942263279445726,"10":0.024942263279445726,"21":0.024942263279445726},"45":{"30":0.031961259079903145,"18":0.030508474576271188,"7":0.029055690072639227,"44":0.02857142857142857,"36":0.02857142857142857,"33":0.02857142857142857,"5":0.028087167070217918,"24":0.028087167070217918,"42":0.028087167070217918,"28":0.027602905569007265,"20":0.027602905569007265,"19":0.02711864406779661,"41":0.02711864406779661,"37":0.026634382566585957,"8":0.024697336561743343},"39":{"6":0.03967391304347826,"25":0.034239130434782605,"35":0.03152173913043478,"26":0.028804347826086957,"28":0.028804347826086957,"42":0.026630434782608695,"44":0.026630434782608695,"5":0.026630434782608695,"19":0.02608695652173913,"43":0.02608695652173913,"29":0.02608695652173913,"7":0.025543478260869567,"1":0.025543478260869567,"4":0.025,"10":0.025},"42":{"4":0.03405275779376499,"26":0.03405275779376499,"30":0.03405275779376499,"11":0.03117505995203837,"24":0.030695443645083934,"2":0.030215827338129497,"14":0.029256594724220625,