{"scores":{"1":0.02805429864253394,"2":0.0233710407239819,"3":0.024683257918552037,"4":0.026108597285067876,"5":0.02699095022624435,"6":0.026674208144796385,"7":0.024751131221719458,"8":0.026855203619909507,"9":0.0247737556561086,"10":0.029615384615384616,"11":0.02882352941176471,"12":0.024185520361990953,"13":0.028484162895927607,"14":0.032443438914027144,"15":0.036312217194570125,"16":0.02300904977375566,"17":0.02800904977375566,"18":0.03262443438914027,"19":0.030452488687782803,"20":0.029366515837104076,"21":0.025271493212669686,"22":0.03178733031674208,"23":0.03364253393665158,"24":0.0295475113122172,"25":0.02486425339366516,"26":0.03436651583710406,"27":0.02893665158371041,"28":0.031063348416289587,"29":0.03330316742081447,"30":0.026334841628959278,"31":0.023755656108597287,"32":0.026085972850678735,"33":0.03373303167420814,"34":0.03468325791855202,"35":0.02703619909502263},"pair_scores":{"7":{"10":0.060557586837294335,"34":0.0530164533820841,"22":0.05073126142595978,"28":0.04616087751371115,"26":0.04044789762340037,"11":0.039990859232175505,"23":0.03930530164533821,"14":0.03542047531992688,"19":0.03427787934186472,"1":0.031992687385740404,"35":0.031992687385740404,"6":0.031307129798903106,"15":0.03085009140767825,"12":0.02970749542961609,"27":0.02970749542961609},"9":{"29":0.05456621004566211,"27":0.04703196347031964,"31":0.046575342465753435,"35":0.043378995433789966,"23":0.043378995433789966,"22":0.038127853881278546,"15":0.03744292237442923,"13":0.035844748858447496,"30":0.03538812785388129,"18":0.03470319634703197,"8":0.03470319634703197,"10":0.033561643835616446,"34":0.033561643835616446,"21":0.030136986301369868,"17":0.02968036529680366},"10":{"15":0.055958747135217715,"7":0.05061115355233002,"22":0.04984721161191749,"18":0.04831932773109243,"5":0.04373567608861726,"1":0.04297173414820474,"8":0.0422077922077922,"28":0.037051184110007636,"3":0.03437738731856379,"29":0.03380443086325439,"16":0.033231474407944994,"11":0.03284950343773873,"27":0.03093964858670741,"30":0.030557677616501144,"32":0.029029793735676088},"16":{"15":0.05678466076696166,"28":0.05137659783677484,"11":0.04768928220255655,"1":0.044001966568338255,"10":0.04277286135693216,"12":0.03859390363815143,"2":0.03613569321533924,"23":0.0356440511307768,"8":0.03490658800393314,"13":0.03490658800393314,"29":0.03441494591937071,"24":0.033677482792527046,"25":0.031219272369714855,"20":0.030727630285152418,"33":0.030481809242871194},"19":{"27":0.05962109955423476,"21":0.0549777117384844,"14":0.05274888558692422,"23":0.04476225854383358,"11":0.043833580980683504,"33":0.042533432392273404,"13":0.04086181277860327,"18":0.03974739970282318,"15":0.03807578008915305,"26":0.03658989598811293,"12":0.03547548291233284,"25":0.03528974739970282,"29":0.03473254086181278,"22":0.03473254086181278,"1":0.03194650817236255},"6":{"4":0.06022052586938084,"35":0.046437659033078886,"5":0.044741306191687875,"17":0.04389312977099237,"23":0.04325699745547074,"29":0.042620865139949116,"3":0.03965224766751485,"13":0.039016115351993216,"2":0.039016115351993216,"20":0.03392705682782019,"30":0.03180661577608143,"28":0.0311704834605598,"10":0.030746395250212052,"34":0.03011026293469042,"14":0.02968617472434267},"12":{"14":0.05940130963517307,"19":0.04466791393826006,"11":0.043732460243217974,"5":0.0430308699719364,"31":0.039055191768007494,"22":0.039055191768007494,"13":0.038353601496725925,"16":0.036716557530402254,"1":0.03554724041159964,"23":0.03554724041159964,"34":0.03484565014031806,"18":0.0332086061739944,"25":0.03274087932647335,"28":0.030869971936389157,"7":0.030402245088868112},"14":{"19":0.0495118549511855,"22":0.04515341701534171,"12":0.04428172942817295,"28":0.043410041841004186,"27":0.04253835425383543,"13":0.04079497907949791,"4":0.03957461645746165,"20":0.03783124128312413,"23":0.03643654114365412,"15":0.036087866108786615,"8":0.036087866108786615,"26":0.0346931659693166,"1":0.033995815899581595,"35":0.03260111576011158,"25":0.03225244072524408},"18":{"29":0.07056171983356452,"15":0.05079750346740639,"20":0.04750346740638004,"34":0.04490291262135923,"10":0.04386269070735091,"26":0.04056865464632456,"33":0.0400485436893204,"19":0.037101248266296814,"5":0.03450069348127601,"17":0.03242024965325937,"23":0.0306865464632455,"25":0.030339805825242726,"35":0.029819694868238565,"30":0.028606102635228857,"14":0.028085991678224693},"25":{"28":0.045950864422202004,"1":0.04367606915377616,"19":0.043221110100091,"14":0.042083712465878075,"13":0.04140127388535032,"32":0.04140127388535032,"18":0.039808917197452234,"30":0.03639672429481347,"33":0.03412192902638763,"11":0.03298453139217471,"20":0.03298453139217471,"12":0.03184713375796178,"34":0.03184713375796178,"15":0.0316196542311192,"6":0.030709736123748867},"2":{"23":0.06316553727008713,"34":0.06147144240077445,"22":0.047676669893514045,"24":0.04646660212971927,"6":0.04453049370764763,"29":0.042836398838334955,"31":0.0399322362052275,"16":0.03557599225556632,"4":0.03557599225556632,"20":0.03267182962245886,"10":0.03267182962245886,"15":0.031945788964182,"30":0.029041626331074544,"32":0.02783155856727977,"28":0.02783155856727977},"8":{"10":0.04654591406908173,"14":0.043597304128053925,"21":0.043597304128053925,"22":0.041912384161752324,"24":0.04106992417860152,"26":0.04085930918281382,"1":0.04001684919966302,"35":0.03980623420387532,"33":0.03770008424599832,"17":0.03727885425442292,"30":0.03517270429654592,"27":0.03411962931760742,"32":0.03306655433866892,"9":0.032013479359730417,"4":0.03096040438079192},"23":{"34":0.04589778076664424,"22":0.04556153328850033,"2":0.04388029589778076,"27":0.04102219233355749,"19":0.04051782111634162,"33":0.039677202420981834,"26":0.039677202420981834,"13":0.03597848016139878,"1":0.03597848016139878,"14":0.035137861466039,"6":0.034297242770679214,"28":0.032616005379959644,"21":0.032616005379959644,"9":0.03194351042367182,"29":0.03143913920645595},"24":{"15":0.06450995405819296,"26":0.048621745788667695,"33":0.04479326186830016,"34":0.04287901990811639,"29":0.03905053598774886,"8":0.037327718223583474,"2":0.03675344563552834,"32":0.03617917304747321,"17":0.03426493108728944,"11":0.032350689127105675,"27":0.03196784073506892,"23":0.031584992343032164,"3":0.031010719754977035,"18":0.030053598774885153,"22":0.02909647779479327},"1":{"15":0.051209677419354845,"10":0.04536290322580646,"23":0.04314516129032259,"14":0.039314516129032265,"33":0.039112903225806454,"25":0.03870967741935485,"8":0.03830645161290323,"26":0.036693548387096785,"16":0.03608870967741936,"19":0.034677419354838715,"28":0.03266129032258065,"27":0.03225806451612904,"12":0.030645161290322586,"18":0.029637096774193555,"30":0.02923387096774194},"13":{"14":0.04646544876886419,"19":0.0436854646544877,"27":0.043089753772835596,"23":0.04249404289118349,"22":0.04150119142176331,"29":0.04011119936457507,"32":0.04011119936457507,"34":0.037529785544082615,"6":0.036536934074662436,"25":0.03613979348689437,"35":0.035146942017474196,"31":0.03415409054805402,"4":0.033161239078633845,"12":0.03256552819698174,"9":0.031175536139793493},"27":{"11":0.06958561376075059,"19":0.0627443315089914,"23":0.0476935105551212,"14":0.0476935105551212,"15":0.04573885848319,"13":0.042415949960906967,"9":0.04026583268178265,"31":0.037920250195465216,"21":0.03596559812353402,"24":0.03264268960125098,"8":0.03166536356528539,"10":0.03166536356528539,"1":0.03127443315089915,"18":0.027365129007036755,"28":0.027169663799843632},"28":{"14":0.04533867443554261,"11":0.04479242534595776,"15":0.042061179898033506,"5":0.04169701383831027,"16":0.038055353241077935,"7":0.03678077203204662,"25":0.03678077203204662,"20":0.0355061908230153,"23":0.03532410779315368,"10":0.03532410779315368,"35":0.034049526584122365,"33":0.03368536052439913,"34":0.03313911143481428,"22":0.03259286234522943,"31":0.03131828113619811},"33":{"34":0.05549966465459422,"26":0.054493628437290415,"15":0.0482897384305835,"29":0.040409121395036884,"23":0.039570757880617036,"24":0.039235412474849095,"18":0.03873239436619718,