{"scores":{"1":0.032198952879581154,"2":0.026047120418848168,"3":0.0274869109947644,"4":0.024607329842931937,"5":0.024607329842931937,"6":0.024083769633507852,"7":0.030235602094240838,"8":0.0281413612565445,"9":0.025916230366492148,"10":0.031020942408376963,"11":0.02905759162303665,"12":0.02238219895287958,"13":0.026832460732984294,"14":0.033507853403141365,"15":0.030235602094240838,"16":0.02329842931937173,"17":0.024869109947643978,"18":0.029581151832460732,"19":0.030235602094240838,"20":0.03520942408376963,"21":0.02617801047120419,"22":0.02918848167539267,"23":0.030235602094240838,"24":0.029712041884816753,"25":0.02787958115183246,"26":0.03049738219895288,"27":0.029712041884816753,"28":0.029712041884816753,"29":0.030890052356020943,"30":0.03049738219895288,"31":0.02382198952879581,"32":0.02931937172774869,"33":0.028664921465968586,"34":0.03507853403141361,"35":0.02905759162303665},"pair_scores":{"7":{"10":0.06601731601731602,"34":0.048701298701298704,"22":0.045454545454545456,"14":0.044372294372294376,"11":0.04220779220779221,"35":0.04004329004329004,"19":0.03896103896103896,"28":0.03896103896103896,"1":0.03787878787878788,"26":0.03571428571428571,"23":0.031385281385281384,"15":0.031385281385281384,"27":0.031385281385281384,"2":0.030303030303030304,"12":0.02922077922077922},"9":{"23":0.05808080808080808,"29":0.047979797979797977,"35":0.045454545454545456,"1":0.04292929292929293,"30":0.04040404040404041,"8":0.03787878787878788,"34":0.03535353535353535,"18":0.03409090909090909,"22":0.03282828282828283,"20":0.03282828282828283,"21":0.03156565656565657,"19":0.030303030303030304,"24":0.030303030303030304,"13":0.030303030303030304,"31":0.02904040404040404},"10":{"7":0.06434599156118144,"1":0.05590717299578059,"26":0.04113924050632911,"3":0.04008438818565401,"24":0.0379746835443038,"30":0.0379746835443038,"20":0.035864978902953586,"5":0.035864978902953586,"15":0.035864978902953586,"22":0.03375527426160337,"2":0.03270042194092827,"11":0.03270042194092827,"29":0.03270042194092827,"27":0.03164556962025317,"28":0.03059071729957806},"16":{"23":0.047752808988764044,"20":0.047752808988764044,"28":0.047752808988764044,"30":0.04073033707865169,"29":0.04073033707865169,"34":0.03932584269662921,"8":0.037921348314606744,"11":0.037921348314606744,"12":0.037921348314606744,"24":0.0351123595505618,"15":0.0351123595505618,"13":0.0351123595505618,"5":0.033707865168539325,"26":0.033707865168539325,"7":0.032303370786516857},"19":{"13":0.050865800865800864,"14":0.049783549783549784,"25":0.048701298701298704,"27":0.048701298701298704,"15":0.047619047619047616,"21":0.04329004329004329,"33":0.04112554112554113,"7":0.03896103896103896,"26":0.0367965367965368,"29":0.03571428571428571,"1":0.03571428571428571,"22":0.032467532467532464,"23":0.030303030303030304,"34":0.030303030303030304,"32":0.030303030303030304},"6":{"4":0.051630434782608696,"17":0.050271739130434784,"20":0.04891304347826087,"3":0.042119565217391304,"14":0.03940217391304348,"25":0.03804347826086957,"30":0.03804347826086957,"10":0.036684782608695655,"8":0.035326086956521736,"1":0.033967391304347824,"11":0.03260869565217391,"23":0.03260869565217391,"35":0.03260869565217391,"34":0.03125,"2":0.03125},"12":{"14":0.05263157894736842,"27":0.04678362573099415,"11":0.043859649122807015,"25":0.04093567251461988,"1":0.04093567251461988,"31":0.039473684210526314,"22":0.039473684210526314,"7":0.039473684210526314,"10":0.039473684210526314,"16":0.039473684210526314,"5":0.03654970760233918,"9":0.033625730994152045,"23":0.033625730994152045,"18":0.03070175438596491,"32":0.03070175438596491},"14":{"1":0.046875,"19":0.044921875,"25":0.04296875,"20":0.0419921875,"4":0.041015625,"7":0.0400390625,"8":0.0380859375,"3":0.0361328125,"12":0.03515625,"28":0.03515625,"35":0.0341796875,"27":0.033203125,"15":0.0322265625,"22":0.0322265625,"13":0.0302734375},"18":{"20":0.049778761061946904,"34":0.049778761061946904,"29":0.04314159292035398,"25":0.03871681415929203,"26":0.03871681415929203,"17":0.03761061946902655,"27":0.03650442477876106,"35":0.03650442477876106,"15":0.03650442477876106,"30":0.035398230088495575,"4":0.035398230088495575,"24":0.034292035398230086,"32":0.034292035398230086,"33":0.032079646017699116,"3":0.029867256637168143},"25":{"19":0.0528169014084507,"14":0.051643192488262914,"18":0.04107981220657277,"1":0.03873239436619718,"33":0.03873239436619718,"20":0.03755868544600939,"28":0.03755868544600939,"34":0.036384976525821594,"11":0.035211267605633804,"30":0.035211267605633804,"32":0.03403755868544601,"26":0.03403755868544601,"6":0.03286384976525822,"12":0.03286384976525822,"13":0.03051643192488263},"2":{"34":0.05402010050251256,"31":0.048994974874371856,"29":0.04648241206030151,"24":0.04271356783919598,"22":0.04271356783919598,"23":0.0414572864321608,"10":0.038944723618090454,"26":0.03768844221105527,"20":0.035175879396984924,"7":0.035175879396984924,"32":0.032663316582914576,"18":0.031407035175879394,"17":0.031407035175879394,"19":0.031407035175879394,"30":0.03015075376884422},"8":{"1":0.05465116279069768,"24":0.05116279069767442,"21":0.05,"14":0.04534883720930233,"34":0.03953488372093023,"23":0.03837209302325582,"20":0.03604651162790698,"17":0.03488372093023256,"30":0.03488372093023256,"9":0.03488372093023256,"26":0.03488372093023256,"32":0.03372093023255814,"16":0.031395348837209305,"22":0.031395348837209305,"28":0.031395348837209305},"23":{"9":0.049783549783549784,"27":0.045454545454545456,"24":0.04220779220779221,"16":0.0367965367965368,"22":0.0367965367965368,"29":0.0367965367965368,"2":0.03571428571428571,"8":0.03571428571428571,"1":0.03571428571428571,"15":0.03463203463203463,"20":0.032467532467532464,"7":0.031385281385281384,"19":0.030303030303030304,"3":0.030303030303030304,"21":0.02922077922077922},"24":{"26":0.05286343612334802,"8":0.048458149779735685,"23":0.042951541850220265,"33":0.04185022026431718,"10":0.039647577092511016,"2":0.037444933920704845,"21":0.037444933920704845,"20":0.03634361233480176,"29":0.034140969162995596,"27":0.034140969162995596,"34":0.034140969162995596,"18":0.034140969162995596,"3":0.030837004405286344,"30":0.028634361233480177,"16":0.02753303964757709},"1":{"10":0.05386178861788618,"14":0.04878048780487805,"27":0.047764227642276426,"8":0.047764227642276426,"15":0.047764227642276426,"7":0.03556910569105691,"9":0.034552845528455285,"25":0.03353658536585366,"19":0.03353658536585366,"23":0.03353658536585366,"30":0.03353658536585366,"26":0.032520325203252036,"5":0.03048780487804878,"4":0.03048780487804878,"33":0.029471544715447155},"13":{"19":0.05731707317073171,"32":0.045121951219512194,"27":0.041463414634146344,"35":0.04024390243902439,"20":0.03902439024390244,"29":0.03902439024390244,"3":0.03780487804878049,"14":0.03780487804878049,"22":0.03414634146341464,"28":0.03170731707317073,"23":0.03170731707317073,"25":0.03170731707317073,"26":0.03170731707317073,"31":0.03170731707317073,"7":0.03048780487804878},"27":{"11":0.05506607929515418,"1":0.051762114537444934,"19":0.04955947136563876,"23":0.046255506607929514,"15":0.04185022026431718,"13":0.037444933920704845,"14":0.037444933920704845,"18":0.03634361233480176,"12":0.03524229074889868,"24":0.034140969162995596,"10":0.03303964757709251,"29":0.031938325991189426,"7":0.031938325991189426,"8":0.02973568281938326,"22":0.028634361233480177},"28":{"20":0.05947136563876652,"33":0.048458149779735685,"5":0.04405286343612335,"7":0.039647577092511016,"14":0.039647577092511016,"34":0.037444933920704845,"16":0.037444933920704845,"32":0.03634361233480176,"25":0.03524229074889868,"30":0.034140969162995596,"35":0.03303964757709251,"10":0.031938325991189426,"1":0.030837004405286344,"11":0.030837004405286344,"31":0.02973568281938326},"33":{"34":0.05365296803652968,"28":0.0502283105022831,"35":0.04337899543378995,"24":0.04337899543378995,"19":0.04337899543378995,"20":0.03995433789954338,"25":0.03767123287671233,"29":0.03767123287671233,"3":0.0365296803652968,"14":0.03424657534246575,"1":0.033105022831050226,"18":0.033105022831050226,"26":0.033105022831050226,