{"scores":{"1":0.021373200442967887,"2":0.020930232558139535,"3":0.019988925802879292,"4":0.023975636766334442,"5":0.021982281284606865,"6":0.021760797342192693,"7":0.024307862679955702,"8":0.02248062015503876,"9":0.021207087486157253,"10":0.024640088593576966,"11":0.0221483942414175,"12":0.020044296788482834,"13":0.02236987818383167,"14":0.021926910299003323,"15":0.02043189368770764,"16":0.023588039867109636,"17":0.019656699889258028,"18":0.02159468438538206,"19":0.024197120708748614,"20":0.023145071982281284,"21":0.01982281284606866,"22":0.025083056478405315,"23":0.022591362126245847,"24":0.024307862679955702,"25":0.021096345514950165,"26":0.022093023255813953,"27":0.021871539313399777,"28":0.024806201550387597,"29":0.022259136212624583,"30":0.023920265780730896,"31":0.02336655592469546,"32":0.02054263565891473,"33":0.020764119601328904,"34":0.02220376522702104,"35":0.023311184939091917,"36":0.022535991140642305,"37":0.024031007751937984,"38":0.020155038759689922,"39":0.02009966777408638,"40":0.019158361018826134,"41":0.02308970099667774,"42":0.022812846068660023,"43":0.021650055370985605,"44":0.024141749723145072,"45":0.022535991140642305},"pair_scores":{"12":{"29":0.03038674033149171,"21":0.02983425414364641,"43":0.0281767955801105,"44":0.027624309392265192,"28":0.02707182320441989,"2":0.02707182320441989,"4":0.026519337016574586,"9":0.026519337016574586,"22":0.026519337016574586,"45":0.026519337016574586,"34":0.025966850828729283,"31":0.025966850828729283,"16":0.025966850828729283,"25":0.02541436464088398,"41":0.02541436464088398},"17":{"3":0.03380281690140845,"15":0.03323943661971831,"19":0.03267605633802817,"4":0.031549295774647886,"2":0.029295774647887324,"16":0.029295774647887324,"13":0.02873239436619718,"27":0.028169014084507043,"31":0.028169014084507043,"42":0.0276056338028169,"30":0.02647887323943662,"28":0.025915492957746478,"8":0.025915492957746478,"37":0.02535211267605634,"18":0.024225352112676058},"23":{"22":0.029411764705882353,"41":0.02892156862745098,"37":0.02892156862745098,"8":0.02892156862745098,"25":0.028431372549019607,"38":0.027941176470588237,"27":0.027450980392156862,"1":0.02696078431372549,"28":0.02696078431372549,"26":0.026470588235294117,"2":0.026470588235294117,"29":0.026470588235294117,"34":0.025490196078431372,"4":0.025,"20":0.025},"25":{"4":0.04146981627296588,"35":0.03569553805774278,"39":0.03359580052493438,"23":0.030446194225721784,"18":0.027821522309711286,"10":0.027296587926509186,"41":0.027296587926509186,"5":0.026771653543307086,"8":0.026246719160104987,"30":0.025721784776902887,"31":0.025196850393700787,"13":0.025196850393700787,"26":0.025196850393700787,"28":0.024671916010498687,"1":0.024671916010498687},"34":{"16":0.032418952618453865,"31":0.03192019950124688,"20":0.0314214463840399,"26":0.029925187032418952,"18":0.029925187032418952,"7":0.02892768079800499,"30":0.028428927680798004,"23":0.02593516209476309,"21":0.02593516209476309,"6":0.02543640897755611,"35":0.02493765586034913,"22":0.02493765586034913,"33":0.02493765586034913,"3":0.024438902743142144,"42":0.024438902743142144},"38":{"30":0.03736263736263736,"5":0.03736263736263736,"19":0.03571428571428571,"23":0.03131868131868132,"2":0.03131868131868132,"22":0.02912087912087912,"11":0.028021978021978023,"7":0.026923076923076925,"31":0.026923076923076925,"10":0.025824175824175823,"13":0.025824175824175823,"45":0.025824175824175823,"24":0.025274725274725275,"14":0.025274725274725275,"36":0.025274725274725275},"4":{"25":0.03648960739030023,"42":0.03279445727482679,"28":0.03140877598152425,"27":0.03094688221709007,"41":0.03048498845265589,"35":0.028637413394919167,"32":0.02771362586605081,"37":0.02725173210161663,"7":0.02678983833718245,"16":0.02678983833718245,"43":0.02678983833718245,"15":0.02678983833718245,"10":0.025866050808314087,"17":0.025866050808314087,"13":0.025404157043879907},"10":{"22":0.03325842696629214,"8":0.032359550561797755,"27":0.03056179775280899,"11":0.028314606741573035,"1":0.02696629213483146,"37":0.02696629213483146,"43":0.02696629213483146,"36":0.02651685393258427,"21":0.02606741573033708,"35":0.025617977528089888,"42":0.025617977528089888,"4":0.025168539325842697,"32":0.024719101123595506,"24":0.024269662921348314,"44":0.024269662921348314},"13":{"1":0.03514851485148515,"20":0.03316831683168317,"37":0.0297029702970297,"28":0.02821782178217822,"7":0.02821782178217822,"4":0.027227722772277228,"19":0.027227722772277228,"14":0.026732673267326732,"10":0.02574257425742574,"17":0.02524752475247525,"24":0.024752475247524754,"27":0.024752475247524754,"6":0.024752475247524754,"30":0.024257425742574258,"22":0.023762376237623763},"21":{"10":0.03240223463687151,"35":0.03240223463687151,"14":0.030726256983240222,"12":0.030167597765363128,"44":0.030167597765363128,"43":0.029608938547486034,"34":0.02905027932960894,"24":0.027374301675977653,"45":0.027374301675977653,"28":0.026815642458100558,"33":0.026815642458100558,"19":0.025139664804469275,"25":0.025139664804469275,"27":0.024581005586592177,"37":0.024581005586592177},"22":{"20":0.03576158940397351,"10":0.032671081677704196,"44":0.031346578366445915,"36":0.030463576158940398,"18":0.02913907284768212,"16":0.02913907284768212,"5":0.02869757174392936,"35":0.02781456953642384,"31":0.02781456953642384,"29":0.026490066225165563,"23":0.026490066225165563,"43":0.026048565121412803,"28":0.025607064017660046,"26":0.025165562913907286,"24":0.025165562913907286},"1":{"13":0.03678756476683938,"7":0.03316062176165803,"10":0.031088082901554404,"16":0.030569948186528497,"9":0.029015544041450778,"44":0.02849740932642487,"23":0.02849740932642487,"14":0.02694300518134715,"40":0.025906735751295335,"4":0.025906735751295335,"36":0.02538860103626943,"22":0.024870466321243522,"24":0.024352331606217616,"6":0.024352331606217616,"37":0.024352331606217616},"5":{"38":0.03425692695214106,"22":0.0327455919395466,"45":0.029722921914357683,"28":0.026700251889168764,"31":0.026700251889168764,"6":0.02619647355163728,"7":0.025692695214105794,"37":0.025692695214105794,"25":0.025692695214105794,"14":0.02518891687657431,"10":0.02518891687657431,"16":0.02468513853904282,"39":0.02468513853904282,"24":0.024181360201511334,"32":0.024181360201511334},"28":{"16":0.03080357142857143,"4":0.030357142857142857,"44":0.029017857142857144,"8":0.029017857142857144,"35":0.028125,"11":0.026339285714285714,"22":0.025892857142857145,"45":0.02544642857142857,"13":0.02544642857142857,"6":0.02544642857142857,"43":0.025,"36":0.025,"42":0.025,"23":0.024553571428571428,"31":0.024107142857142858},"31":{"8":0.03317535545023697,"19":0.031279620853080566,"34":0.03033175355450237,"22":0.02985781990521327,"18":0.02890995260663507,"15":0.02890995260663507,"36":0.027488151658767772,"2":0.026540284360189573,"37":0.026540284360189573,"28":0.025592417061611375,"24":0.025592417061611375,"5":0.025118483412322274,"43":0.024644549763033177,"35":0.024644549763033177,"29":0.024170616113744076},"44":{"6":0.035321100917431195,"22":0.03256880733944954,"28":0.02981651376146789,"7":0.02981651376146789,"29":0.02981651376146789,"14":0.02889908256880734,"45":0.028440366972477066,"19":0.02798165137614679,"11":0.027522935779816515,"16":0.02614678899082569,"37":0.025688073394495414,"1":0.02522935779816514,"20":0.02522935779816514,"30":0.024770642201834864,"10":0.024770642201834864},"45":{"30":0.032432432432432434,"44":0.030466830466830467,"7":0.029484029484029485,"5":0.028992628992628992,"24":0.0285012285012285,"28":0.02800982800982801,"18":0.02800982800982801,"20":0.02800982800982801,"19":0.027518427518427518,"37":0.02702702702702703,"36":0.026535626535626536,"33":0.026044226044226043,"42":0.026044226044226043,"8":0.025552825552825554,"35":0.02506142506142506},"39":{"6":0.03691460055096419,"25":0.03526170798898071,"35":0.032506887052341595,"26":0.029201101928374655,"42":0.02699724517906336,"44":0.02699724517906336,"5":0.02699724517906336,"19":0.026446280991735537,"43":0.026446280991735537,"29":0.026446280991735537,"7":0.025895316804407712,"28":0.025895316804407712,