{"scores":{"1":0.031510416666666666,"2":0.026302083333333334,"3":0.027604166666666666,"4":0.025260416666666667,"5":0.023828125,"6":0.02421875,"7":0.029557291666666666,"8":0.028776041666666665,"9":0.026171875,"10":0.030338541666666666,"11":0.028255208333333334,"12":0.021875,"13":0.027473958333333333,"14":0.033984375,"15":0.030338541666666666,"16":0.023958333333333335,"17":0.025520833333333333,"18":0.029427083333333333,"19":0.029166666666666667,"20":0.03502604166666667,"21":0.026041666666666668,"22":0.029817708333333335,"23":0.029557291666666666,"24":0.030208333333333334,"25":0.028515625,"26":0.031119791666666667,"27":0.030208333333333334,"28":0.029036458333333334,"29":0.029817708333333335,"30":0.031119791666666667,"31":0.024479166666666666,"32":0.029036458333333334,"33":0.029557291666666666,"34":0.034505208333333336,"35":0.028385416666666666},"pair_scores":{"7":{"10":0.0671806167400881,"34":0.04955947136563876,"22":0.046255506607929514,"14":0.04405286343612335,"11":0.042951541850220265,"28":0.039647577092511016,"1":0.03854625550660793,"19":0.03634361233480176,"26":0.03634361233480176,"35":0.03634361233480176,"15":0.030837004405286344,"27":0.030837004405286344,"12":0.02973568281938326,"30":0.02973568281938326,"23":0.028634361233480177},"9":{"23":0.05721393034825871,"35":0.04477611940298507,"29":0.043532338308457715,"1":0.04228855721393035,"30":0.03980099502487562,"8":0.03731343283582089,"31":0.036069651741293535,"26":0.036069651741293535,"18":0.033582089552238806,"17":0.033582089552238806,"22":0.03233830845771144,"20":0.03233830845771144,"34":0.03109452736318408,"21":0.03109452736318408,"24":0.029850746268656716},"10":{"7":0.06545064377682404,"1":0.0536480686695279,"26":0.04184549356223176,"3":0.0407725321888412,"24":0.03862660944206009,"30":0.03862660944206009,"20":0.03648068669527897,"22":0.034334763948497854,"2":0.033261802575107295,"15":0.033261802575107295,"11":0.032188841201716736,"5":0.032188841201716736,"29":0.032188841201716736,"27":0.032188841201716736,"4":0.03111587982832618},"16":{"23":0.04619565217391304,"20":0.04619565217391304,"28":0.04619565217391304,"30":0.03940217391304348,"29":0.03940217391304348,"34":0.03804347826086957,"8":0.036684782608695655,"11":0.036684782608695655,"12":0.036684782608695655,"2":0.035326086956521736,"24":0.033967391304347824,"15":0.033967391304347824,"13":0.033967391304347824,"5":0.03260869565217391,"26":0.03260869565217391},"19":{"13":0.052455357142857144,"14":0.05133928571428571,"25":0.05022321428571429,"27":0.05022321428571429,"15":0.049107142857142856,"21":0.044642857142857144,"33":0.041294642857142856,"26":0.03794642857142857,"7":0.036830357142857144,"1":0.036830357142857144,"29":0.033482142857142856,"22":0.033482142857142856,"3":0.030133928571428572,"32":0.030133928571428572,"18":0.029017857142857144},"6":{"4":0.051075268817204304,"17":0.04973118279569892,"20":0.04838709677419355,"30":0.0456989247311828,"8":0.043010752688172046,"3":0.04032258064516129,"14":0.038978494623655914,"25":0.03763440860215054,"10":0.036290322580645164,"13":0.03494623655913978,"27":0.03494623655913978,"1":0.03225806451612903,"23":0.03225806451612903,"35":0.03225806451612903,"2":0.030913978494623656},"12":{"14":0.05357142857142857,"27":0.047619047619047616,"11":0.044642857142857144,"25":0.041666666666666664,"31":0.04017857142857143,"22":0.04017857142857143,"7":0.04017857142857143,"16":0.04017857142857143,"1":0.03720238095238095,"10":0.03571428571428571,"9":0.03422619047619048,"23":0.03422619047619048,"5":0.03273809523809524,"18":0.03125,"32":0.03125},"14":{"1":0.04597701149425287,"19":0.044061302681992334,"25":0.0421455938697318,"20":0.04118773946360153,"4":0.040229885057471264,"7":0.038314176245210725,"8":0.03735632183908046,"22":0.03735632183908046,"15":0.03639846743295019,"3":0.035440613026819924,"12":0.034482758620689655,"28":0.034482758620689655,"33":0.034482758620689655,"35":0.032567049808429116,"27":0.031609195402298854},"18":{"20":0.049778761061946904,"34":0.049778761061946904,"29":0.04314159292035398,"25":0.03871681415929203,"26":0.03871681415929203,"17":0.03761061946902655,"27":0.03650442477876106,"35":0.03650442477876106,"15":0.03650442477876106,"30":0.035398230088495575,"4":0.035398230088495575,"24":0.034292035398230086,"32":0.034292035398230086,"33":0.032079646017699116,"3":0.029867256637168143},"25":{"19":0.05136986301369863,"14":0.0502283105022831,"33":0.04452054794520548,"18":0.03995433789954338,"1":0.03767123287671233,"20":0.0365296803652968,"28":0.0365296803652968,"34":0.03538812785388128,"3":0.03424657534246575,"11":0.03424657534246575,"30":0.03424657534246575,"32":0.033105022831050226,"26":0.033105022831050226,"6":0.0319634703196347,"12":0.0319634703196347},"2":{"34":0.053217821782178217,"31":0.04826732673267327,"29":0.04579207920792079,"24":0.04207920792079208,"22":0.04207920792079208,"10":0.038366336633663366,"23":0.03712871287128713,"26":0.03712871287128713,"20":0.034653465346534656,"16":0.03217821782178218,"32":0.03217821782178218,"33":0.03217821782178218,"25":0.03094059405940594,"7":0.03094059405940594,"18":0.03094059405940594},"8":{"1":0.053167420814479636,"24":0.049773755656108594,"21":0.048642533936651584,"14":0.04411764705882353,"30":0.04072398190045249,"34":0.038461538461538464,"23":0.03733031674208145,"27":0.03733031674208145,"6":0.03619909502262444,"20":0.03506787330316742,"17":0.033936651583710405,"9":0.033936651583710405,"26":0.033936651583710405,"32":0.032805429864253395,"16":0.030542986425339366},"23":{"9":0.05066079295154185,"27":0.046255506607929514,"24":0.04185022026431718,"16":0.037444933920704845,"22":0.037444933920704845,"29":0.037444933920704845,"8":0.03634361233480176,"1":0.03634361233480176,"15":0.03524229074889868,"2":0.03303964757709251,"20":0.03303964757709251,"3":0.030837004405286344,"21":0.02973568281938326,"13":0.028634361233480177,"7":0.028634361233480177},"24":{"26":0.05172413793103448,"8":0.04741379310344827,"33":0.04633620689655173,"23":0.040948275862068964,"10":0.03879310344827586,"2":0.036637931034482756,"21":0.036637931034482756,"20":0.03556034482758621,"29":0.0334051724137931,"27":0.0334051724137931,"34":0.0334051724137931,"18":0.0334051724137931,"3":0.03017241379310345,"22":0.03017241379310345,"30":0.028017241379310345},"1":{"10":0.05165289256198347,"14":0.049586776859504134,"27":0.04855371900826446,"8":0.04855371900826446,"15":0.045454545454545456,"7":0.03615702479338843,"9":0.03512396694214876,"25":0.03409090909090909,"19":0.03409090909090909,"23":0.03409090909090909,"30":0.03409090909090909,"26":0.03305785123966942,"4":0.030991735537190084,"33":0.029958677685950414,"20":0.029958677685950414},"13":{"19":0.05568720379146919,"27":0.04739336492890995,"32":0.04383886255924171,"35":0.03909952606635071,"20":0.037914691943127965,"29":0.037914691943127965,"3":0.03672985781990521,"14":0.03672985781990521,"22":0.03317535545023697,"30":0.03317535545023697,"28":0.030805687203791468,"23":0.030805687203791468,"25":0.030805687203791468,"6":0.030805687203791468,"26":0.030805687203791468},"27":{"11":0.05387931034482758,"1":0.05064655172413793,"19":0.04849137931034483,"23":0.04525862068965517,"13":0.04310344827586207,"15":0.03987068965517242,"18":0.03556034482758621,"14":0.03556034482758621,"8":0.03556034482758621,"12":0.034482758620689655,"24":0.0334051724137931,"10":0.032327586206896554,"29":0.03125,"30":0.03125,"7":0.03017241379310345},"28":{"20":0.06053811659192825,"33":0.04596412556053812,"5":0.043721973094170405,"7":0.04035874439461883,"14":0.04035874439461883,"34":0.03811659192825112,"16":0.03811659192825112,"32":0.03699551569506727,"25":0.03587443946188341,"30":0.034753363228699555,"35":0.033632286995515695,"1":0.03139013452914798,"10":0.03139013452914798,"31":0.030269058295964126,"8":0.030269058295964126},"33":{"34":0.051762114537444934,"24":0.0473568281938326,"28":0.04515418502202643,"25":0.042951541850220265,"35":0.04185022026431718,"19":0.040748898678414094,"14":0.039647577092511016,"3":0.03854625550660793,"20":0.03854625550660793,"22":0.03524229074889868,