{"scores":{"1":0.02899884925201381,"2":0.025546605293440737,"3":0.024856156501726123,"4":0.026582278481012658,"5":0.026582278481012658,"6":0.028423475258918297,"7":0.025891829689298044,"8":0.030149597238204835,"9":0.02704257767548907,"10":0.030724971231300344,"11":0.03245109321058688,"12":0.022554660529344073,"13":0.026006904487917145,"14":0.03164556962025317,"15":0.03187571921749137,"16":0.021288837744533946,"17":0.026927502876869965,"18":0.028883774453394708,"19":0.030379746835443037,"20":0.031185270425776755,"21":0.024856156501726123,"22":0.033256616800920596,"23":0.029804372842347524,"24":0.026927502876869965,"25":0.026006904487917145,"26":0.027733026467203683,"27":0.03187571921749137,"28":0.031300345224395856,"29":0.03141542002301496,"30":0.028538550057537398,"31":0.02819332566168009,"32":0.026352128883774452,"33":0.031185270425776755,"34":0.03521288837744534,"35":0.029344073647871116},"pair_scores":{"7":{"10":0.058888888888888886,"34":0.05555555555555555,"22":0.04888888888888889,"28":0.04111111111111111,"11":0.03777777777777778,"35":0.03777777777777778,"26":0.03666666666666667,"23":0.035555555555555556,"15":0.035555555555555556,"13":0.034444444444444444,"27":0.034444444444444444,"14":0.03333333333333333,"19":0.03222222222222222,"1":0.03111111111111111,"6":0.03111111111111111},"9":{"29":0.05,"35":0.04468085106382979,"31":0.043617021276595745,"23":0.04042553191489362,"8":0.039361702127659576,"11":0.03723404255319149,"30":0.03723404255319149,"2":0.036170212765957444,"22":0.035106382978723406,"27":0.03297872340425532,"13":0.03297872340425532,"34":0.031914893617021274,"6":0.030851063829787233,"12":0.02872340425531915,"14":0.02872340425531915},"10":{"7":0.04962546816479401,"1":0.047752808988764044,"3":0.0449438202247191,"6":0.04400749063670412,"22":0.04119850187265917,"5":0.04119850187265917,"15":0.040262172284644196,"18":0.035580524344569285,"8":0.033707865168539325,"31":0.033707865168539325,"28":0.031835205992509365,"30":0.02902621722846442,"16":0.028089887640449437,"24":0.028089887640449437,"33":0.028089887640449437},"16":{"11":0.0445945945945946,"28":0.041891891891891894,"10":0.04054054054054054,"20":0.04054054054054054,"23":0.03918918918918919,"30":0.03918918918918919,"15":0.03918918918918919,"24":0.03783783783783784,"29":0.03513513513513514,"12":0.033783783783783786,"1":0.033783783783783786,"2":0.032432432432432434,"8":0.031081081081081083,"3":0.031081081081081083,"13":0.031081081081081083},"19":{"14":0.048295454545454544,"27":0.048295454545454544,"15":0.043560606060606064,"33":0.043560606060606064,"21":0.04261363636363636,"25":0.041666666666666664,"23":0.04071969696969697,"18":0.04071969696969697,"13":0.03787878787878788,"1":0.03314393939393939,"34":0.032196969696969696,"31":0.03125,"22":0.030303030303030304,"26":0.030303030303030304,"30":0.029356060606060608},"6":{"10":0.04757085020242915,"3":0.0465587044534413,"14":0.044534412955465584,"35":0.044534412955465584,"4":0.043522267206477734,"20":0.04251012145748988,"8":0.04149797570850203,"11":0.03441295546558704,"33":0.03441295546558704,"17":0.03441295546558704,"25":0.03340080971659919,"29":0.03340080971659919,"27":0.03340080971659919,"2":0.03137651821862348,"23":0.030364372469635626},"12":{"14":0.058673469387755105,"11":0.0548469387755102,"31":0.04336734693877551,"22":0.042091836734693876,"1":0.039540816326530615,"35":0.03571428571428571,"5":0.03571428571428571,"25":0.03443877551020408,"28":0.03443877551020408,"9":0.03443877551020408,"7":0.03316326530612245,"13":0.03188775510204082,"27":0.03188775510204082,"19":0.03188775510204082,"16":0.03188775510204082},"14":{"19":0.046363636363636364,"8":0.042727272727272725,"12":0.04181818181818182,"6":0.04,"28":0.04,"22":0.04,"20":0.03909090909090909,"25":0.038181818181818185,"27":0.038181818181818185,"1":0.03363636363636364,"4":0.03363636363636364,"15":0.03272727272727273,"11":0.031818181818181815,"13":0.03090909090909091,"30":0.03},"18":{"29":0.053784860557768925,"19":0.04282868525896414,"15":0.04282868525896414,"33":0.04183266932270916,"20":0.04183266932270916,"34":0.04083665338645418,"10":0.037848605577689244,"17":0.036852589641434265,"5":0.0348605577689243,"35":0.0348605577689243,"26":0.03386454183266932,"25":0.03286852589641434,"30":0.03187250996015936,"28":0.03187250996015936,"11":0.030876494023904383},"25":{"28":0.049778761061946904,"19":0.048672566371681415,"14":0.046460176991150445,"30":0.04092920353982301,"33":0.03871681415929203,"11":0.03761061946902655,"6":0.03650442477876106,"18":0.03650442477876106,"1":0.03650442477876106,"20":0.03650442477876106,"13":0.033185840707964605,"31":0.033185840707964605,"32":0.032079646017699116,"12":0.029867256637168143,"34":0.029867256637168143},"2":{"34":0.05855855855855856,"22":0.05067567567567568,"24":0.04391891891891892,"23":0.039414414414414414,"29":0.039414414414414414,"9":0.038288288288288286,"15":0.037162162162162164,"31":0.036036036036036036,"6":0.03490990990990991,"30":0.03265765765765766,"4":0.03265765765765766,"8":0.03153153153153153,"7":0.03153153153153153,"32":0.030405405405405407,"20":0.02927927927927928},"8":{"14":0.04484732824427481,"27":0.04198473282442748,"1":0.04103053435114504,"21":0.04007633587786259,"6":0.039122137404580155,"35":0.03721374045801527,"24":0.03625954198473282,"32":0.035305343511450385,"9":0.035305343511450385,"22":0.03435114503816794,"33":0.03435114503816794,"10":0.03435114503816794,"4":0.033396946564885496,"11":0.03244274809160305,"34":0.03244274809160305},"23":{"27":0.052123552123552123,"19":0.041505791505791506,"34":0.04054054054054054,"1":0.03667953667953668,"9":0.03667953667953668,"22":0.03571428571428571,"28":0.03474903474903475,"2":0.033783783783783786,"15":0.03185328185328185,"26":0.03185328185328185,"13":0.03088803088803089,"20":0.03088803088803089,"7":0.03088803088803089,"29":0.03088803088803089,"8":0.029922779922779922},"24":{"26":0.0438034188034188,"15":0.0438034188034188,"34":0.042735042735042736,"2":0.041666666666666664,"8":0.0405982905982906,"33":0.038461538461538464,"30":0.03739316239316239,"17":0.035256410256410256,"27":0.035256410256410256,"29":0.03418803418803419,"4":0.03418803418803419,"23":0.03311965811965812,"22":0.03311965811965812,"10":0.03205128205128205,"28":0.03205128205128205},"1":{"10":0.050595238095238096,"8":0.04265873015873016,"33":0.03968253968253968,"15":0.03968253968253968,"27":0.037698412698412696,"23":0.037698412698412696,"14":0.03670634920634921,"11":0.03670634920634921,"19":0.034722222222222224,"28":0.03273809523809524,"25":0.03273809523809524,"5":0.031746031746031744,"12":0.030753968253968252,"4":0.030753968253968252,"18":0.02976190476190476},"13":{"19":0.04424778761061947,"29":0.04424778761061947,"27":0.03982300884955752,"14":0.03761061946902655,"32":0.03650442477876106,"23":0.035398230088495575,"34":0.035398230088495575,"7":0.034292035398230086,"8":0.034292035398230086,"9":0.034292035398230086,"25":0.033185840707964605,"22":0.033185840707964605,"21":0.033185840707964605,"35":0.032079646017699116,"31":0.030973451327433628},"27":{"11":0.06498194945848375,"23":0.048736462093862815,"15":0.04783393501805054,"19":0.046028880866425995,"8":0.039711191335740074,"14":0.03790613718411552,"35":0.036101083032490974,"22":0.036101083032490974,"1":0.03429602888086643,"13":0.032490974729241874,"29":0.032490974729241874,"4":0.030685920577617327,"24":0.029783393501805054,"6":0.029783393501805054,"31":0.029783393501805054},"28":{"33":0.04411764705882353,"25":0.04136029411764706,"14":0.04044117647058824,"35":0.03952205882352941,"22":0.03952205882352941,"30":0.03860294117647059,"31":0.03768382352941176,"34":0.03676470588235294,"20":0.035845588235294115,"7":0.03400735294117647,"23":0.03308823529411765,"15":0.03216911764705882,"5":0.03216911764705882,"10":0.03125,"1":0.030330882352941176},"33":{"34":0.046125461254612546,"28":0.04428044280442804,"11":0.043357933579335796,"19":0.042435424354243544,"18":0.03874538745387454,"20":0.03782287822878229,"1":0.03690036900369004,"5":0.03690036900369004,"29":0.03505535055350553,"26":0.03413284132841329,