{"scores":{"1":0.028757396449704143,"2":0.024023668639053253,"3":0.02591715976331361,"4":0.025680473372781065,"5":0.026745562130177515,"6":0.02804733727810651,"7":0.024733727810650887,"8":0.028994082840236687,"9":0.025562130177514793,"10":0.03029585798816568,"11":0.029585798816568046,"12":0.023076923076923078,"13":0.02745562130177515,"14":0.032781065088757395,"15":0.03325443786982248,"16":0.02284023668639053,"17":0.027337278106508874,"18":0.02970414201183432,"19":0.030414201183431952,"20":0.031124260355029586,"21":0.025088757396449703,"22":0.032781065088757395,"23":0.031715976331360946,"24":0.02804733727810651,"25":0.025562130177514793,"26":0.03076923076923077,"27":0.03159763313609468,"28":0.030414201183431952,"29":0.03218934911242603,"30":0.02804733727810651,"31":0.02591715976331361,"32":0.02710059171597633,"33":0.031005917159763315,"34":0.03479289940828403,"35":0.02863905325443787},"pair_scores":{"7":{"10":0.06339712918660287,"34":0.05263157894736842,"22":0.04665071770334928,"28":0.04425837320574163,"11":0.04066985645933014,"26":0.039473684210526314,"23":0.03827751196172249,"14":0.03708133971291866,"19":0.03588516746411483,"1":0.03349282296650718,"35":0.03349282296650718,"15":0.03229665071770335,"12":0.03110047846889952,"27":0.03110047846889952,"13":0.029904306220095694},"9":{"29":0.05555555555555555,"31":0.04398148148148148,"23":0.04398148148148148,"35":0.04282407407407408,"27":0.03935185185185185,"22":0.03935185185185185,"8":0.03935185185185185,"30":0.03356481481481482,"21":0.03356481481481482,"6":0.03356481481481482,"14":0.032407407407407406,"18":0.032407407407407406,"15":0.032407407407407406,"10":0.03125,"34":0.03125},"10":{"7":0.0517578125,"15":0.0478515625,"3":0.046875,"1":0.0439453125,"22":0.041015625,"6":0.0400390625,"18":0.0400390625,"5":0.0400390625,"8":0.0390625,"16":0.0322265625,"29":0.03125,"30":0.0302734375,"28":0.0302734375,"24":0.029296875,"27":0.029296875},"16":{"28":0.04792746113989637,"15":0.046632124352331605,"10":0.042746113989637305,"1":0.04015544041450777,"11":0.038860103626943004,"30":0.038860103626943004,"23":0.03756476683937824,"12":0.03756476683937824,"24":0.03626943005181347,"29":0.03626943005181347,"13":0.03367875647668394,"2":0.031088082901554404,"20":0.031088082901554404,"8":0.029792746113989636,"26":0.029792746113989636},"19":{"27":0.057392996108949414,"14":0.05058365758754864,"21":0.04961089494163424,"23":0.04571984435797665,"13":0.04085603112840467,"15":0.03988326848249027,"33":0.03988326848249027,"25":0.03696498054474708,"18":0.03696498054474708,"11":0.03599221789883268,"22":0.03404669260700389,"29":0.033073929961089495,"26":0.033073929961089495,"1":0.0311284046692607,"32":0.0311284046692607},"6":{"3":0.05063291139240506,"14":0.04746835443037975,"4":0.046413502109704644,"10":0.043248945147679324,"8":0.043248945147679324,"35":0.043248945147679324,"29":0.0379746835443038,"20":0.0379746835443038,"17":0.03691983122362869,"2":0.035864978902953586,"23":0.03481012658227848,"34":0.03375527426160337,"13":0.03270042194092827,"11":0.03059071729957806,"9":0.03059071729957806},"12":{"14":0.05897435897435897,"11":0.04487179487179487,"1":0.04358974358974359,"22":0.04230769230769231,"19":0.03974358974358974,"16":0.03717948717948718,"5":0.03717948717948718,"13":0.035897435897435895,"31":0.035897435897435895,"25":0.03461538461538462,"28":0.03461538461538462,"18":0.03333333333333333,"7":0.03333333333333333,"27":0.03205128205128205,"23":0.03205128205128205},"14":{"19":0.04693140794223827,"8":0.04332129963898917,"27":0.042418772563176894,"12":0.04151624548736462,"6":0.04061371841155235,"4":0.0388086642599278,"20":0.03700361010830325,"22":0.036101083032490974,"15":0.0351985559566787,"28":0.0351985559566787,"13":0.0351985559566787,"1":0.03429602888086643,"25":0.033393501805054154,"23":0.029783393501805054,"3":0.029783393501805054},"18":{"29":0.060756972111553786,"20":0.04880478087649402,"15":0.045816733067729085,"34":0.043824701195219126,"10":0.04083665338645418,"26":0.03884462151394422,"19":0.037848605577689244,"33":0.035856573705179286,"17":0.0348605577689243,"5":0.03386454183266932,"25":0.03286852589641434,"30":0.03286852589641434,"14":0.029880478087649404,"23":0.02888446215139442,"28":0.02888446215139442},"25":{"28":0.04976851851851852,"19":0.04398148148148148,"14":0.04282407407407408,"1":0.041666666666666664,"13":0.03935185185185185,"18":0.03819444444444445,"32":0.03819444444444445,"30":0.03587962962962963,"33":0.03356481481481482,"11":0.032407407407407406,"34":0.032407407407407406,"6":0.03125,"12":0.03125,"20":0.03125,"3":0.03009259259259259},"2":{"22":0.05665024630541872,"34":0.05295566502463054,"23":0.0480295566502463,"6":0.04187192118226601,"24":0.04064039408866995,"31":0.03940886699507389,"29":0.03940886699507389,"15":0.0332512315270936,"20":0.03201970443349754,"10":0.03201970443349754,"16":0.029556650246305417,"28":0.02832512315270936,"30":0.02832512315270936,"4":0.02832512315270936,"7":0.027093596059113302},"8":{"14":0.04897959183673469,"1":0.044897959183673466,"27":0.04285714285714286,"6":0.04183673469387755,"10":0.04081632653061224,"35":0.03979591836734694,"24":0.03877551020408163,"22":0.03775510204081633,"21":0.036734693877551024,"9":0.03469387755102041,"23":0.0336734693877551,"32":0.0326530612244898,"33":0.030612244897959183,"11":0.02959183673469388,"17":0.02959183673469388},"23":{"27":0.051305970149253734,"19":0.043843283582089554,"34":0.03917910447761194,"22":0.03824626865671642,"2":0.036380597014925374,"9":0.03544776119402985,"33":0.03451492537313433,"26":0.033582089552238806,"13":0.03264925373134328,"1":0.03264925373134328,"29":0.03264925373134328,"8":0.030783582089552237,"14":0.030783582089552237,"6":0.030783582089552237,"21":0.030783582089552237},"24":{"26":0.043248945147679324,"15":0.043248945147679324,"33":0.04113924050632911,"8":0.04008438818565401,"34":0.039029535864978905,"17":0.0379746835443038,"22":0.035864978902953586,"2":0.03481012658227848,"32":0.03481012658227848,"27":0.03481012658227848,"29":0.03375527426160337,"4":0.03375527426160337,"23":0.03270042194092827,"10":0.03164556962025317,"28":0.03164556962025317},"1":{"15":0.047325102880658436,"10":0.046296296296296294,"8":0.04526748971193416,"14":0.03909465020576132,"33":0.03806584362139918,"28":0.037037037037037035,"25":0.037037037037037035,"23":0.0360082304526749,"12":0.03497942386831276,"27":0.03292181069958848,"19":0.03292181069958848,"16":0.03189300411522634,"26":0.03189300411522634,"11":0.030864197530864196,"7":0.02880658436213992},"13":{"19":0.04525862068965517,"14":0.04202586206896552,"32":0.040948275862068964,"27":0.03987068965517242,"29":0.03879310344827586,"23":0.03771551724137931,"25":0.036637931034482756,"34":0.03556034482758621,"35":0.034482758620689655,"6":0.0334051724137931,"22":0.0334051724137931,"4":0.0334051724137931,"33":0.032327586206896554,"12":0.03017241379310345,"3":0.03017241379310345},"27":{"11":0.056179775280898875,"19":0.0552434456928839,"23":0.05149812734082397,"14":0.04400749063670412,"15":0.042134831460674156,"8":0.03932584269662921,"22":0.03745318352059925,"13":0.03464419475655431,"29":0.033707865168539325,"31":0.033707865168539325,"35":0.031835205992509365,"9":0.031835205992509365,"24":0.03089887640449438,"1":0.0299625468164794,"21":0.0299625468164794},"28":{"35":0.04182879377431906,"22":0.04182879377431906,"25":0.04182879377431906,"34":0.038910505836575876,"14":0.037937743190661476,"20":0.037937743190661476,"33":0.03599221789883268,"7":0.03599221789883268,"30":0.03599221789883268,"16":0.03599221789883268,"1":0.03501945525291829,"15":0.03501945525291829,"31":0.03404669260700389,"5":0.03404669260700389,"11":0.0311284046692607},"33":{"34":0.05343511450381679,"29":0.04198473282442748,"26":0.04103053435114504,"15":0.04007633587786259,"19":0.039122137404580155,"24":0.03721374045801527,"1":0.035305343511450385,"28":0.035305343511450385,"35":0.035305343511450385,"23":0.035305343511450385,"5":0.035305343511450385,"18":0.03435114503816794,"32":0.03435114503816794,"11":0.033396946564885496,"3":0.03244274809160305},