{"scores":{"1":0.021611111111111112,"2":0.021166666666666667,"3":0.01938888888888889,"4":0.024555555555555556,"5":0.021722222222222223,"6":0.021166666666666667,"7":0.024444444444444446,"8":0.022444444444444444,"9":0.020944444444444446,"10":0.024833333333333332,"11":0.022055555555555554,"12":0.020166666666666666,"13":0.02266666666666667,"14":0.022,"15":0.020666666666666667,"16":0.023055555555555555,"17":0.019555555555555555,"18":0.021666666666666667,"19":0.0235,"20":0.02311111111111111,"21":0.01988888888888889,"22":0.025055555555555557,"23":0.023166666666666665,"24":0.02422222222222222,"25":0.021388888888888888,"26":0.02238888888888889,"27":0.021611111111111112,"28":0.024944444444444446,"29":0.022166666666666668,"30":0.0235,"31":0.023444444444444445,"32":0.020444444444444446,"33":0.021055555555555557,"34":0.022444444444444444,"35":0.023055555555555555,"36":0.0225,"37":0.024166666666666666,"38":0.020055555555555556,"39":0.019833333333333335,"40":0.01938888888888889,"41":0.02288888888888889,"42":0.022944444444444444,"43":0.021777777777777778,"44":0.024444444444444446,"45":0.0225},"pair_scores":{"12":{"29":0.030303030303030304,"21":0.02975206611570248,"43":0.02809917355371901,"44":0.027548209366391185,"28":0.02699724517906336,"2":0.02699724517906336,"4":0.026446280991735537,"9":0.026446280991735537,"22":0.026446280991735537,"45":0.026446280991735537,"25":0.025895316804407712,"34":0.025895316804407712,"31":0.025895316804407712,"16":0.025895316804407712,"41":0.02534435261707989},"17":{"15":0.035227272727272725,"4":0.033522727272727273,"2":0.03125,"3":0.03068181818181818,"19":0.029545454545454545,"16":0.029545454545454545,"13":0.028977272727272727,"27":0.028409090909090908,"31":0.028409090909090908,"28":0.02784090909090909,"8":0.02784090909090909,"42":0.02784090909090909,"37":0.02556818181818182,"18":0.024431818181818183,"26":0.023863636363636365},"23":{"22":0.030215827338129497,"38":0.02877697841726619,"41":0.028297362110311752,"37":0.028297362110311752,"8":0.028297362110311752,"25":0.027817745803357313,"1":0.027817745803357313,"26":0.027338129496402876,"29":0.027338129496402876,"27":0.02685851318944844,"28":0.026378896882494004,"4":0.025899280575539568,"2":0.025899280575539568,"20":0.025899280575539568,"34":0.024940047961630695},"25":{"4":0.0425974025974026,"35":0.03532467532467533,"39":0.03324675324675325,"23":0.03012987012987013,"18":0.027532467532467533,"10":0.027012987012987013,"41":0.027012987012987013,"8":0.026493506493506493,"5":0.026493506493506493,"28":0.025974025974025976,"30":0.025454545454545455,"31":0.024935064935064935,"13":0.024935064935064935,"26":0.024935064935064935,"12":0.024415584415584415},"34":{"16":0.03217821782178218,"31":0.031683168316831684,"20":0.031188118811881188,"26":0.0297029702970297,"18":0.0297029702970297,"7":0.028712871287128714,"30":0.02821782178217822,"33":0.026237623762376237,"23":0.02574257425742574,"21":0.02574257425742574,"6":0.02524752475247525,"35":0.024752475247524754,"22":0.024752475247524754,"3":0.024257425742574258,"42":0.024257425742574258},"38":{"30":0.037673130193905814,"5":0.037673130193905814,"19":0.036011080332409975,"23":0.0332409972299169,"2":0.031578947368421054,"11":0.028254847645429362,"36":0.027146814404432132,"31":0.027146814404432132,"10":0.0260387811634349,"13":0.0260387811634349,"22":0.0260387811634349,"45":0.0260387811634349,"7":0.02548476454293629,"14":0.02548476454293629,"37":0.024930747922437674},"4":{"25":0.037104072398190045,"28":0.0334841628959276,"42":0.03212669683257918,"27":0.030316742081447964,"41":0.02986425339366516,"35":0.028054298642533938,"15":0.02760180995475113,"32":0.027149321266968326,"17":0.02669683257918552,"37":0.02669683257918552,"13":0.026244343891402715,"7":0.026244343891402715,"16":0.026244343891402715,"43":0.026244343891402715,"10":0.025339366515837104},"10":{"22":0.03355704697986577,"8":0.032214765100671144,"27":0.030425055928411632,"11":0.028635346756152126,"37":0.027293064876957495,"43":0.027293064876957495,"1":0.026845637583892617,"36":0.026398210290827742,"21":0.025950782997762864,"35":0.025503355704697986,"42":0.025503355704697986,"4":0.02505592841163311,"32":0.02505592841163311,"44":0.024608501118568233,"24":0.024161073825503355},"13":{"1":0.03480392156862745,"20":0.03431372549019608,"37":0.029411764705882353,"4":0.028431372549019607,"28":0.028431372549019607,"7":0.028431372549019607,"19":0.02696078431372549,"14":0.026470588235294117,"10":0.025490196078431372,"22":0.025,"17":0.025,"24":0.024509803921568627,"27":0.024509803921568627,"30":0.024509803921568627,"6":0.024509803921568627},"21":{"10":0.03240223463687151,"35":0.03240223463687151,"14":0.030726256983240222,"12":0.030167597765363128,"44":0.030167597765363128,"43":0.029608938547486034,"34":0.02905027932960894,"24":0.027374301675977653,"45":0.027374301675977653,"28":0.026815642458100558,"33":0.026815642458100558,"19":0.025139664804469275,"25":0.025139664804469275,"27":0.024581005586592177,"37":0.024581005586592177},"22":{"20":0.03458980044345898,"10":0.03325942350332594,"44":0.03148558758314856,"36":0.030598669623059866,"18":0.02926829268292683,"5":0.028824833702882482,"29":0.027937915742793792,"35":0.027937915742793792,"23":0.027937915742793792,"31":0.027937915742793792,"43":0.026607538802660754,"16":0.026607538802660754,"28":0.025720620842572064,"26":0.025277161862527715,"14":0.025277161862527715},"1":{"13":0.03650385604113111,"7":0.03444730077120823,"10":0.030848329048843187,"16":0.030334190231362468,"44":0.02982005141388175,"23":0.02982005141388175,"9":0.02879177377892031,"14":0.02673521850899743,"40":0.02570694087403599,"4":0.02570694087403599,"36":0.02519280205655527,"22":0.024678663239074552,"24":0.02416452442159383,"19":0.02416452442159383,"6":0.02416452442159383},"5":{"38":0.034782608695652174,"22":0.03324808184143223,"45":0.03017902813299233,"31":0.02710997442455243,"7":0.02608695652173913,"37":0.02608695652173913,"25":0.02608695652173913,"14":0.02557544757033248,"10":0.02557544757033248,"24":0.024552429667519183,"32":0.024552429667519183,"41":0.024552429667519183,"34":0.024552429667519183,"8":0.024552429667519183,"28":0.02404092071611253},"28":{"4":0.03296213808463252,"8":0.030289532293986638,"44":0.028953229398663696,"16":0.028507795100222718,"45":0.026726057906458798,"11":0.026726057906458798,"13":0.025835189309576838,"22":0.025835189309576838,"35":0.025389755011135856,"43":0.024944320712694878,"36":0.024944320712694878,"42":0.024944320712694878,"23":0.024498886414253896,"31":0.024053452115812918,"7":0.023608017817371936},"31":{"8":0.03317535545023697,"19":0.031279620853080566,"34":0.03033175355450237,"22":0.02985781990521327,"18":0.02890995260663507,"15":0.02890995260663507,"36":0.027488151658767772,"2":0.026540284360189573,"37":0.026540284360189573,"28":0.025592417061611375,"24":0.025592417061611375,"5":0.025118483412322274,"43":0.024644549763033177,"35":0.024644549763033177,"29":0.024170616113744076},"44":{"6":0.035,"22":0.03227272727272727,"7":0.03090909090909091,"28":0.029545454545454545,"29":0.029545454545454545,"19":0.02909090909090909,"45":0.028636363636363637,"14":0.028636363636363637,"11":0.02772727272727273,"1":0.026363636363636363,"16":0.02590909090909091,"37":0.025454545454545455,"20":0.025,"30":0.025,"10":0.025},"45":{"30":0.03308641975308642,"44":0.03111111111111111,"28":0.02962962962962963,"7":0.02962962962962963,"5":0.029135802469135802,"24":0.028641975308641977,"18":0.028148148148148148,"33":0.028148148148148148,"20":0.028148148148148148,"37":0.027160493827160494,"36":0.02666666666666667,"42":0.02617283950617284,"35":0.025185185185185185,"19":0.024691358024691357,"10":0.02419753086419753},"39":{"25":0.035854341736694675,"6":0.03417366946778711,"35":0.02969187675070028,"26":0.02969187675070028,"42":0.027450980392156862,"44":0.027450980392156862,"19":0.02689075630252101,"43":0.02689075630252101,"29":0.02689075630252101,"7":0.026330532212885154,"1":0.026330532212885154,"4":0.0257703081232493,"10":0.0257703081232493,"22":0.0257703081232493,"45":0.025210084033613446},