{"scores":{"1":0.028894173602853745,"2":0.024256837098692034,"3":0.025802615933412605,"4":0.025564803804994055,"5":0.02699167657550535,"6":0.028180737217598097,"7":0.025208085612366232,"8":0.029488703923900118,"9":0.025802615933412605,"10":0.029726516052318668,"11":0.02901307966706302,"12":0.02318668252080856,"13":0.02806183115338882,"14":0.03329369797859691,"15":0.03376932223543401,"16":0.021521997621878716,"17":0.0267538644470868,"18":0.029845422116527943,"19":0.030677764565992867,"20":0.03055885850178359,"21":0.025208085612366232,"22":0.03293697978596909,"23":0.03151010701545779,"24":0.0272294887039239,"25":0.02568370986920333,"26":0.03139120095124851,"27":0.030439952437574316,"28":0.03032104637336504,"29":0.032699167657550536,"30":0.02794292508917955,"31":0.024851367419738406,"32":0.027705112960761,"33":0.03186682520808561,"34":0.034958382877526756,"35":0.028656361474435198},"pair_scores":{"7":{"10":0.0625,"34":0.05188679245283019,"22":0.049528301886792456,"28":0.04363207547169811,"11":0.04009433962264151,"26":0.03891509433962264,"23":0.03773584905660377,"14":0.036556603773584904,"19":0.03537735849056604,"1":0.0330188679245283,"35":0.0330188679245283,"15":0.031839622641509434,"12":0.030660377358490566,"27":0.030660377358490566,"6":0.0294811320754717},"9":{"29":0.055299539170506916,"31":0.044930875576036866,"35":0.04377880184331797,"23":0.04377880184331797,"27":0.03917050691244239,"22":0.03917050691244239,"8":0.03917050691244239,"30":0.03341013824884793,"21":0.03341013824884793,"6":0.03341013824884793,"14":0.03225806451612903,"18":0.03225806451612903,"15":0.03225806451612903,"10":0.03110599078341014,"34":0.03110599078341014},"10":{"7":0.053,"15":0.049,"1":0.045,"3":0.042,"22":0.042,"18":0.041,"5":0.041,"8":0.04,"6":0.035,"29":0.032,"30":0.031,"28":0.031,"24":0.03,"27":0.03,"11":0.029},"16":{"28":0.05110497237569061,"15":0.049723756906077346,"1":0.04281767955801105,"11":0.04143646408839779,"23":0.04005524861878453,"12":0.04005524861878453,"29":0.03867403314917127,"10":0.03729281767955801,"13":0.03591160220994475,"2":0.03314917127071823,"20":0.03314917127071823,"30":0.03314917127071823,"8":0.031767955801104975,"26":0.031767955801104975,"24":0.03038674033149171},"19":{"27":0.05813953488372093,"14":0.050387596899224806,"21":0.04941860465116279,"23":0.045542635658914726,"13":0.041666666666666664,"15":0.03972868217054264,"33":0.03972868217054264,"25":0.03682170542635659,"18":0.03682170542635659,"11":0.035852713178294575,"22":0.03391472868217054,"29":0.03294573643410853,"26":0.03294573643410853,"1":0.031007751937984496,"32":0.031007751937984496},"6":{"4":0.05063291139240506,"14":0.04746835443037975,"3":0.04535864978902954,"35":0.04430379746835443,"8":0.043248945147679324,"29":0.0379746835443038,"20":0.0379746835443038,"10":0.03691983122362869,"17":0.03691983122362869,"2":0.035864978902953586,"23":0.03481012658227848,"13":0.03375527426160337,"34":0.03375527426160337,"11":0.03059071729957806,"27":0.03059071729957806},"12":{"14":0.05897435897435897,"11":0.04487179487179487,"1":0.04358974358974359,"22":0.04230769230769231,"19":0.03974358974358974,"16":0.03717948717948718,"5":0.03717948717948718,"13":0.035897435897435895,"31":0.035897435897435895,"25":0.03461538461538462,"28":0.03461538461538462,"18":0.03333333333333333,"7":0.03333333333333333,"27":0.03205128205128205,"23":0.03205128205128205},"14":{"19":0.04642857142857143,"8":0.04285714285714286,"27":0.04196428571428571,"12":0.04107142857142857,"6":0.04017857142857143,"22":0.038392857142857145,"4":0.038392857142857145,"28":0.0375,"13":0.0375,"20":0.03660714285714286,"15":0.03482142857142857,"1":0.033928571428571426,"25":0.033035714285714286,"23":0.03214285714285714,"3":0.029464285714285714},"18":{"29":0.060756972111553786,"20":0.04880478087649402,"15":0.045816733067729085,"34":0.043824701195219126,"10":0.04083665338645418,"26":0.03884462151394422,"19":0.037848605577689244,"33":0.035856573705179286,"17":0.0348605577689243,"5":0.03386454183266932,"25":0.03286852589641434,"30":0.03286852589641434,"14":0.029880478087649404,"23":0.02888446215139442,"28":0.02888446215139442},"25":{"28":0.04976851851851852,"19":0.04398148148148148,"14":0.04282407407407408,"1":0.041666666666666664,"13":0.03935185185185185,"18":0.03819444444444445,"32":0.03819444444444445,"30":0.03587962962962963,"33":0.03356481481481482,"11":0.032407407407407406,"34":0.032407407407407406,"6":0.03125,"12":0.03125,"20":0.03125,"3":0.03009259259259259},"2":{"22":0.056372549019607844,"34":0.05269607843137255,"23":0.04779411764705882,"6":0.041666666666666664,"24":0.04044117647058824,"31":0.04044117647058824,"29":0.0392156862745098,"15":0.03308823529411765,"20":0.031862745098039214,"10":0.031862745098039214,"16":0.029411764705882353,"9":0.028186274509803922,"28":0.028186274509803922,"30":0.028186274509803922,"4":0.028186274509803922},"8":{"14":0.04838709677419355,"1":0.04435483870967742,"27":0.04233870967741935,"35":0.04233870967741935,"6":0.04133064516129032,"10":0.04032258064516129,"24":0.038306451612903226,"22":0.037298387096774195,"21":0.036290322580645164,"9":0.034274193548387094,"23":0.03326612903225806,"33":0.03326612903225806,"32":0.03225806451612903,"30":0.03125,"11":0.029233870967741934},"23":{"27":0.04622641509433962,"19":0.04433962264150943,"22":0.04150943396226415,"34":0.03962264150943396,"2":0.03679245283018868,"13":0.035849056603773584,"9":0.035849056603773584,"33":0.03490566037735849,"14":0.033962264150943396,"26":0.033962264150943396,"1":0.0330188679245283,"29":0.0330188679245283,"28":0.03207547169811321,"8":0.031132075471698113,"6":0.031132075471698113},"24":{"26":0.04912663755458515,"15":0.048034934497816595,"33":0.04585152838427948,"8":0.04148471615720524,"34":0.04039301310043668,"2":0.036026200873362446,"32":0.036026200873362446,"29":0.034934497816593885,"23":0.03384279475982533,"10":0.03275109170305677,"17":0.03275109170305677,"3":0.03165938864628821,"20":0.03165938864628821,"22":0.03056768558951965,"4":0.02947598253275109},"1":{"15":0.047325102880658436,"10":0.046296296296296294,"8":0.04526748971193416,"14":0.03909465020576132,"33":0.03806584362139918,"28":0.037037037037037035,"25":0.037037037037037035,"23":0.0360082304526749,"12":0.03497942386831276,"27":0.03292181069958848,"19":0.03292181069958848,"16":0.03189300411522634,"26":0.03189300411522634,"11":0.030864197530864196,"7":0.02880658436213992},"13":{"19":0.045550847457627115,"14":0.04449152542372881,"27":0.04025423728813559,"23":0.04025423728813559,"32":0.04025423728813559,"29":0.038135593220338986,"25":0.036016949152542374,"22":0.036016949152542374,"34":0.034957627118644065,"35":0.03389830508474576,"6":0.03389830508474576,"4":0.03283898305084746,"33":0.03177966101694915,"31":0.03072033898305085,"12":0.029661016949152543},"27":{"19":0.05859375,"11":0.052734375,"23":0.0478515625,"14":0.0458984375,"15":0.0439453125,"8":0.041015625,"22":0.0390625,"13":0.037109375,"31":0.0361328125,"29":0.03515625,"9":0.033203125,"1":0.03125,"21":0.03125,"32":0.029296875,"10":0.029296875},"28":{"35":0.043137254901960784,"25":0.04215686274509804,"14":0.041176470588235294,"34":0.0392156862745098,"22":0.0392156862745098,"20":0.03823529411764706,"30":0.03725490196078431,"33":0.03627450980392157,"7":0.03627450980392157,"16":0.03627450980392157,"1":0.03529411764705882,"15":0.03529411764705882,"5":0.03431372549019608,"23":0.03333333333333333,"11":0.03137254901960784},"33":{"34":0.05223880597014925,"29":0.043843283582089554,"26":0.04291044776119403,"15":0.04197761194029851,"24":0.03917910447761194,"19":0.03824626865671642,"35":0.03731343283582089,"1":0.03451492537313433,"28":0.03451492537313433,"23":0.03451492537313433,"3":0.03451492537313433,"5":0.03451492537313433,"18":0.033582089552238806,"32":0.033582089552238806,"11":0.03264925373134328},"5":{"29":0.04955947136563876,"20":0.048458149779735685,"11":0.0473568281938326,"15":0.046255506607929514,"10":0.04515418502202643,"33":0.040748898678414094,"28":0.03854625550660793,"18":0.037444933920704845,"26":0.03524229074889868,"34":0.034140969162995596,