{"scores":{"1":0.03142857142857143,"2":0.026233766233766234,"3":0.027532467532467533,"4":0.025194805194805193,"5":0.023766233766233765,"6":0.024545454545454544,"7":0.02935064935064935,"8":0.028311688311688312,"9":0.026103896103896105,"10":0.03051948051948052,"11":0.028181818181818183,"12":0.02181818181818182,"13":0.028051948051948054,"14":0.033896103896103896,"15":0.03025974025974026,"16":0.023766233766233765,"17":0.024935064935064935,"18":0.03,"19":0.02909090909090909,"20":0.034805194805194804,"21":0.026623376623376622,"22":0.02974025974025974,"23":0.03025974025974026,"24":0.03012987012987013,"25":0.028831168831168832,"26":0.03103896103896104,"27":0.03012987012987013,"28":0.02857142857142857,"29":0.02974025974025974,"30":0.03090909090909091,"31":0.024415584415584415,"32":0.02896103896103896,"33":0.029480519480519482,"34":0.03506493506493506,"35":0.028311688311688312},"pair_scores":{"7":{"10":0.06637168141592921,"34":0.049778761061946904,"22":0.046460176991150445,"14":0.04424778761061947,"11":0.04314159292035398,"28":0.03982300884955752,"1":0.03871681415929203,"19":0.03650442477876106,"26":0.03650442477876106,"35":0.03650442477876106,"15":0.030973451327433628,"27":0.030973451327433628,"12":0.029867256637168143,"30":0.029867256637168143,"23":0.028761061946902654},"9":{"23":0.05721393034825871,"35":0.04477611940298507,"29":0.043532338308457715,"1":0.04228855721393035,"30":0.03980099502487562,"8":0.03731343283582089,"31":0.036069651741293535,"26":0.036069651741293535,"18":0.033582089552238806,"17":0.033582089552238806,"22":0.03233830845771144,"20":0.03233830845771144,"34":0.03109452736318408,"21":0.03109452736318408,"24":0.029850746268656716},"10":{"7":0.06382978723404255,"1":0.05319148936170213,"26":0.04148936170212766,"3":0.04042553191489362,"24":0.03829787234042553,"30":0.03829787234042553,"6":0.035106382978723406,"22":0.03404255319148936,"2":0.03297872340425532,"15":0.03297872340425532,"20":0.031914893617021274,"11":0.031914893617021274,"5":0.031914893617021274,"29":0.031914893617021274,"27":0.031914893617021274},"16":{"23":0.04644808743169399,"28":0.04644808743169399,"20":0.045081967213114756,"30":0.03961748633879782,"29":0.03961748633879782,"34":0.03825136612021858,"8":0.036885245901639344,"11":0.036885245901639344,"12":0.036885245901639344,"2":0.03551912568306011,"24":0.03415300546448088,"15":0.03415300546448088,"5":0.03278688524590164,"26":0.03278688524590164,"13":0.03278688524590164},"19":{"13":0.052455357142857144,"14":0.05133928571428571,"25":0.05022321428571429,"27":0.05022321428571429,"15":0.049107142857142856,"21":0.044642857142857144,"33":0.041294642857142856,"26":0.03794642857142857,"7":0.036830357142857144,"1":0.036830357142857144,"29":0.033482142857142856,"22":0.033482142857142856,"3":0.030133928571428572,"32":0.030133928571428572,"18":0.029017857142857144},"6":{"4":0.05026455026455026,"17":0.04497354497354497,"30":0.04497354497354497,"10":0.04365079365079365,"20":0.04365079365079365,"14":0.042328042328042326,"3":0.03968253968253968,"23":0.03968253968253968,"8":0.03835978835978836,"25":0.037037037037037035,"13":0.03439153439153439,"27":0.03439153439153439,"1":0.031746031746031744,"35":0.031746031746031744,"2":0.03042328042328042},"12":{"14":0.05357142857142857,"27":0.047619047619047616,"11":0.044642857142857144,"25":0.041666666666666664,"31":0.04017857142857143,"22":0.04017857142857143,"7":0.04017857142857143,"16":0.04017857142857143,"1":0.03720238095238095,"10":0.03571428571428571,"9":0.03422619047619048,"23":0.03422619047619048,"5":0.03273809523809524,"18":0.03125,"32":0.03125},"14":{"1":0.04597701149425287,"19":0.044061302681992334,"4":0.040229885057471264,"25":0.039272030651340994,"7":0.038314176245210725,"22":0.03735632183908046,"15":0.03639846743295019,"3":0.035440613026819924,"20":0.035440613026819924,"12":0.034482758620689655,"8":0.034482758620689655,"33":0.034482758620689655,"35":0.032567049808429116,"28":0.031609195402298854,"27":0.031609195402298854},"18":{"20":0.048701298701298704,"34":0.047619047619047616,"29":0.04220779220779221,"25":0.03787878787878788,"26":0.03787878787878788,"27":0.03571428571428571,"17":0.03571428571428571,"35":0.03571428571428571,"15":0.03571428571428571,"14":0.03463203463203463,"4":0.03463203463203463,"30":0.03354978354978355,"23":0.03354978354978355,"24":0.03354978354978355,"32":0.03354978354978355},"25":{"19":0.05067567567567568,"14":0.04617117117117117,"33":0.04391891891891892,"34":0.041666666666666664,"18":0.039414414414414414,"20":0.039414414414414414,"1":0.037162162162162164,"13":0.036036036036036036,"3":0.033783783783783786,"11":0.033783783783783786,"21":0.033783783783783786,"30":0.033783783783783786,"32":0.03265765765765766,"28":0.03265765765765766,"26":0.03265765765765766},"2":{"34":0.053217821782178217,"31":0.04826732673267327,"29":0.04579207920792079,"24":0.04207920792079208,"22":0.04207920792079208,"10":0.038366336633663366,"23":0.03712871287128713,"26":0.03712871287128713,"20":0.034653465346534656,"16":0.03217821782178218,"32":0.03217821782178218,"33":0.03217821782178218,"25":0.03094059405940594,"7":0.03094059405940594,"18":0.03094059405940594},"8":{"1":0.05389908256880734,"24":0.05045871559633028,"21":0.04931192660550459,"14":0.04128440366972477,"30":0.04128440366972477,"34":0.0389908256880734,"23":0.03784403669724771,"27":0.03784403669724771,"9":0.034403669724770644,"26":0.034403669724770644,"6":0.033256880733944956,"32":0.033256880733944956,"20":0.03211009174311927,"16":0.03096330275229358,"17":0.03096330275229358},"23":{"9":0.04935622317596566,"27":0.045064377682403435,"24":0.0407725321888412,"16":0.03648068669527897,"22":0.03648068669527897,"29":0.03648068669527897,"8":0.03540772532188841,"1":0.03540772532188841,"15":0.034334763948497854,"18":0.033261802575107295,"2":0.032188841201716736,"20":0.032188841201716736,"14":0.032188841201716736,"6":0.032188841201716736,"3":0.030042918454935622},"24":{"26":0.05172413793103448,"8":0.04741379310344827,"33":0.04633620689655173,"23":0.040948275862068964,"10":0.03879310344827586,"2":0.036637931034482756,"21":0.036637931034482756,"20":0.03556034482758621,"29":0.0334051724137931,"27":0.0334051724137931,"34":0.0334051724137931,"18":0.0334051724137931,"3":0.03017241379310345,"22":0.03017241379310345,"30":0.028017241379310345},"1":{"10":0.05165289256198347,"14":0.049586776859504134,"27":0.04855371900826446,"8":0.04855371900826446,"15":0.045454545454545456,"7":0.03615702479338843,"9":0.03512396694214876,"25":0.03409090909090909,"19":0.03409090909090909,"23":0.03409090909090909,"30":0.03409090909090909,"26":0.03305785123966942,"4":0.030991735537190084,"33":0.029958677685950414,"20":0.029958677685950414},"13":{"19":0.05439814814814815,"27":0.046296296296296294,"20":0.04282407407407408,"32":0.04282407407407408,"35":0.03819444444444445,"25":0.037037037037037035,"29":0.037037037037037035,"3":0.03587962962962963,"21":0.03587962962962963,"14":0.03587962962962963,"22":0.032407407407407406,"30":0.032407407407407406,"28":0.03009259259259259,"23":0.03009259259259259,"6":0.03009259259259259},"27":{"11":0.05387931034482758,"1":0.05064655172413793,"19":0.04849137931034483,"23":0.04525862068965517,"13":0.04310344827586207,"15":0.03987068965517242,"18":0.03556034482758621,"14":0.03556034482758621,"8":0.03556034482758621,"12":0.034482758620689655,"24":0.0334051724137931,"10":0.032327586206896554,"29":0.03125,"30":0.03125,"7":0.03017241379310345},"28":{"20":0.05795454545454545,"33":0.04659090909090909,"5":0.04431818181818182,"7":0.04090909090909091,"34":0.038636363636363635,"16":0.038636363636363635,"32":0.0375,"14":0.0375,"30":0.035227272727272725,"35":0.03409090909090909,"25":0.03295454545454545,"1":0.031818181818181815,"31":0.03068181818181818,"8":0.03068181818181818,"13":0.029545454545454545},"33":{"34":0.051762114537444934,"24":0.0473568281938326,"28":0.04515418502202643,"25":0.042951541850220265,"35":0.04185022026431718,"19":0.040748898678414094,"14":0.039647577092511016,"3":0.03854625550660793,"20":0.03854625550660793,"22":0.03524229074889868,