{"scores":{"1":0.03076566125290023,"2":0.025220417633410677,"3":0.026055684454756384,"4":0.0274477958236659,"5":0.02440835266821346,"6":0.027679814385150818,"7":0.027888631090487243,"8":0.02793503480278423,"9":0.025220417633410677,"10":0.02835266821345708,"11":0.03006960556844548,"12":0.02234338747099768,"13":0.028167053364269147,"14":0.03401392111368909,"15":0.03236658932714617,"16":0.023712296983758704,"17":0.0257308584686775,"18":0.030116009280742463,"19":0.02881670533642692,"20":0.030278422273781903,"21":0.02498839907192576,"22":0.031902552204176336,"23":0.03088167053364269,"24":0.029721577726218102,"25":0.027772621809744782,"26":0.03431554524361948,"27":0.03018561484918794,"28":0.03127610208816706,"29":0.027563805104408354,"30":0.02860788863109049,"31":0.024872389791183298,"32":0.026287703016241303,"33":0.031136890951276107,"34":0.03457076566125289,"35":0.02932714617169374},"pair_scores":{"7":{"10":0.061772046589018324,"34":0.05740432612312813,"22":0.05282861896838604,"11":0.0430532445923461,"26":0.039309484193011654,"14":0.03785357737104826,"19":0.036813643926788694,"35":0.036813643926788694,"28":0.03327787021630617,"13":0.03265391014975043,"1":0.030158069883527466,"15":0.029118136439267896,"6":0.028494176372712156,"2":0.028494176372712156,"25":0.028494176372712156},"9":{"35":0.04990800367985282,"23":0.04990800367985282,"31":0.04461821527138916,"17":0.042318307267709306,"1":0.04001839926402945,"22":0.038408463661453555,"27":0.037718491260349596,"26":0.037718491260349596,"29":0.03679852805887766,"4":0.03656853725850967,"13":0.036108555657773704,"30":0.03564857405703773,"6":0.03196872125114996,"8":0.031508739650413994,"34":0.030358785648574065},"10":{"7":0.06076104746317515,"1":0.05155482815057285,"3":0.04234860883797056,"5":0.04071194762684126,"22":0.0372340425531915,"28":0.03662029459901801,"32":0.03662029459901801,"11":0.03621112929623569,"6":0.035188216039279886,"26":0.035188216039279886,"2":0.033142389525368264,"30":0.03273322422258594,"24":0.03068739770867432,"35":0.02905073649754502,"14":0.02905073649754502},"16":{"11":0.05528375733855188,"15":0.05112524461839532,"2":0.04378669275929551,"1":0.04378669275929551,"23":0.04207436399217222,"28":0.04207436399217222,"12":0.039628180039138955,"25":0.03767123287671234,"20":0.03718199608610569,"29":0.0354696673189824,"8":0.03473581213307242,"24":0.033512720156555785,"10":0.03228962818003915,"30":0.030577299412915863,"26":0.02935420743639923},"19":{"27":0.05917874396135267,"25":0.05012077294685992,"21":0.049114331723027385,"14":0.04669887278582932,"13":0.046296296296296315,"15":0.041264090177133665,"11":0.04005636070853463,"26":0.03965378421900162,"18":0.03703703703703705,"33":0.036634460547504036,"7":0.03562801932367151,"1":0.03462157809983898,"23":0.03160225442834139,"4":0.029991948470209348,"29":0.029186795491143325},"6":{"4":0.06517183570829842,"17":0.055741827326068735,"23":0.04526404023470243,"35":0.042749371332774525,"3":0.04023470243084661,"30":0.03813914501257335,"10":0.03604358759430009,"2":0.03541492036881811,"5":0.03541492036881811,"14":0.03499580888516346,"20":0.03457669740150881,"13":0.03227158424140822,"28":0.030804694048616934,"8":0.030804694048616934,"27":0.029756915339480303},"12":{"14":0.0576323987538941,"11":0.04854620976116305,"31":0.04465212876427831,"22":0.04465212876427831,"16":0.04205607476635515,"23":0.04075804776739357,"1":0.039460020768432,"34":0.03868120456905504,"5":0.038161993769470416,"25":0.03634475597092421,"28":0.03426791277258568,"7":0.03374870197300105,"27":0.03245067497403947,"13":0.03167185877466252,"2":0.03037383177570094},"14":{"22":0.04962482946793996,"4":0.043315143246930414,"28":0.042462482946793986,"15":0.041609822646657565,"13":0.03990450204638471,"19":0.039563437926330144,"12":0.03785811732605729,"20":0.03785811732605729,"8":0.03700545702592087,"25":0.03615279672578444,"26":0.035641200545702585,"27":0.03530013642564801,"23":0.03478854024556616,"1":0.03410641200545702,"35":0.032742155525238736},"18":{"29":0.05412172573189524,"34":0.0469953775038521,"26":0.0469953775038521,"33":0.046802773497688764,"20":0.045647149460708795,"25":0.04410631741140217,"23":0.03929121725731896,"35":0.038328197226502325,"30":0.036979969183359024,"24":0.03640215716486904,"19":0.0354391371340524,"1":0.03351309707241912,"27":0.03312788906009246,"17":0.03312788906009246,"15":0.03216486902927582},"25":{"19":0.05200501253132833,"18":0.047827903091061,"28":0.047827903091061,"14":0.04427736006683376,"33":0.04260651629072683,"34":0.04051796157059316,"1":0.04010025062656643,"30":0.039055973266499594,"13":0.03592314118629909,"20":0.03592314118629909,"3":0.033834586466165426,"21":0.03279030910609859,"16":0.032163742690058485,"11":0.030284043441938188,"12":0.029239766081871354},"2":{"34":0.0549678012879485,"23":0.05036798528058879,"24":0.045308187672493117,"22":0.045308187672493117,"16":0.04116835326586938,"31":0.039098436062557515,"6":0.03886844526218952,"10":0.03725850965961363,"4":0.033808647654093846,"32":0.03265869365225392,"29":0.032198712051517954,"7":0.031508739650413994,"20":0.031048758049678025,"26":0.030358785648574065,"15":0.030358785648574065},"8":{"26":0.04796511627906978,"1":0.04713455149501663,"14":0.04505813953488374,"21":0.04298172757475085,"24":0.04256644518272427,"30":0.04028239202657809,"34":0.04028239202657809,"35":0.04028239202657809,"33":0.03716777408637875,"17":0.03675249169435217,"22":0.03259966777408639,"32":0.03259966777408639,"13":0.03093853820598008,"4":0.0305232558139535,"27":0.0305232558139535},"23":{"22":0.04395191585274231,"27":0.04301277235161533,"2":0.04113448534936139,"9":0.0407588279489106,"6":0.04057099924868521,"14":0.038317054845980476,"1":0.038317054845980476,"18":0.038317054845980476,"16":0.03230653643876785,"13":0.03230653643876785,"15":0.03230653643876785,"24":0.03193087903831706,"20":0.029489105935386933,"19":0.029489105935386933,"12":0.029489105935386933},"24":{"15":0.06381733021077286,"26":0.04859484777517566,"33":0.04800936768149885,"8":0.04000780640124904,"2":0.0384465261514442,"11":0.038251366120218594,"18":0.03688524590163936,"34":0.03551912568306013,"22":0.034933645589383305,"21":0.034933645589383305,"23":0.033177205308352865,"3":0.03259172521467605,"29":0.03259172521467605,"27":0.03259172521467605,"10":0.029274004683840765},"1":{"15":0.05392156862745099,"10":0.04751131221719458,"8":0.04279788838612369,"26":0.039404223227752645,"23":0.03846153846153847,"14":0.03770739064856713,"25":0.036199095022624445,"27":0.03525641025641026,"16":0.03374811463046758,"18":0.0328054298642534,"9":0.0328054298642534,"19":0.03242835595776773,"5":0.03148567119155355,"28":0.030542986425339372,"12":0.028657616892911016},"13":{"27":0.052306425041186176,"14":0.04818780889621088,"19":0.04736408566721583,"22":0.044069192751235595,"34":0.041392092257001654,"31":0.040980230642504126,"32":0.03850906095551895,"23":0.03542009884678749,"25":0.03542009884678749,"4":0.034390444810543666,"20":0.03336079077429984,"21":0.03336079077429984,"29":0.03294892915980232,"7":0.03233113673805602,"9":0.03233113673805602},"27":{"11":0.07455803228285936,"19":0.056495003843197555,"13":0.0488086087624904,"23":0.04400461183704844,"14":0.0397770945426595,"15":0.03785549577248271,"31":0.03727901614142968,"1":0.035933897002305926,"18":0.03305149884704075,"24":0.03209069946195235,"9":0.03151421983089931,"22":0.03151421983089931,"30":0.02920830130668717,"8":0.028247501921598778,"6":0.02728670253651038},"28":{"5":0.047477744807121657,"14":0.04617952522255192,"11":0.045623145400593465,"25":0.042470326409495544,"20":0.04117210682492581,"15":0.03597922848664688,"30":0.03560830860534124,"35":0.03468100890207715,"33":0.03431008902077151,"22":0.033197329376854594,"10":0.033197329376854594,"31":0.03282640949554896,"16":0.031899109792284865,"1":0.030044510385756673,"32":0.029673590504451036},"33":{"34":0.05607302533532043,"26":0.05271982116244412,"24":0.04582712369597616,"18":0.04526825633383011,"35":0.044895678092399416,"15":0.04303278688524591,"3":0.042660208643815214,"25":0.03800298062593145,