{"scores":{"1":0.021150872542522643,"2":0.020985199911641262,"3":0.0199359399160592,"4":0.023746410426330904,"5":0.02186878727634195,"6":0.021647890435166777,"7":0.024243428318975038,"8":0.022365805168986085,"9":0.021261320963110227,"10":0.02440910094985642,"11":0.022421029379279877,"12":0.01954937044400265,"13":0.021979235696929535,"14":0.02214490832781091,"15":0.020377733598409543,"16":0.02330461674398056,"17":0.019604594654296443,"18":0.02186878727634195,"19":0.024132979898387454,"20":0.023746410426330904,"21":0.0199359399160592,"22":0.02485089463220676,"23":0.022310580958692292,"24":0.024574773580737796,"25":0.021206096752816435,"26":0.022034459907223327,"27":0.021758338855754362,"28":0.025016567263088138,"29":0.02247625358957367,"30":0.024188204108681246,"31":0.023415065164568146,"32":0.020101612546940578,"33":0.021040424121935058,"34":0.02208968411751712,"35":0.02308371990280539,"36":0.022752374641042634,"37":0.023801634636624696,"38":0.020046388336646785,"39":0.020377733598409543,"40":0.019438922023415066,"41":0.02330461674398056,"42":0.023028495692511596,"43":0.021537442014579192,"44":0.02407775568809366,"45":0.022807598851336427},"pair_scores":{"12":{"29":0.030508474576271188,"21":0.0288135593220339,"44":0.02824858757062147,"43":0.02824858757062147,"4":0.02711864406779661,"9":0.02711864406779661,"22":0.02711864406779661,"28":0.02711864406779661,"34":0.02655367231638418,"45":0.02655367231638418,"41":0.02598870056497175,"16":0.02598870056497175,"2":0.025423728813559324,"31":0.024858757062146894,"35":0.024858757062146894},"17":{"3":0.03380281690140845,"15":0.03323943661971831,"19":0.03267605633802817,"4":0.031549295774647886,"2":0.029295774647887324,"16":0.029295774647887324,"13":0.02873239436619718,"27":0.028169014084507043,"31":0.028169014084507043,"42":0.0276056338028169,"30":0.02647887323943662,"28":0.025915492957746478,"8":0.025915492957746478,"37":0.02535211267605634,"18":0.024225352112676058},"23":{"41":0.02920792079207921,"37":0.02920792079207921,"8":0.02920792079207921,"25":0.028712871287128714,"38":0.02821782178217822,"22":0.02821782178217822,"1":0.027227722772277228,"27":0.027227722772277228,"26":0.026732673267326732,"2":0.026732673267326732,"28":0.026732673267326732,"29":0.026237623762376237,"34":0.02574257425742574,"4":0.02524752475247525,"20":0.02524752475247525},"25":{"4":0.04114583333333333,"35":0.035416666666666666,"39":0.03333333333333333,"23":0.030208333333333334,"18":0.027604166666666666,"10":0.027083333333333334,"41":0.027083333333333334,"5":0.0265625,"8":0.026041666666666668,"30":0.025520833333333333,"26":0.025,"40":0.024479166666666666,"28":0.024479166666666666,"1":0.024479166666666666,"22":0.023958333333333335},"34":{"16":0.0325,"31":0.0315,"20":0.0315,"26":0.03,"18":0.03,"7":0.029,"30":0.0285,"23":0.026,"21":0.026,"6":0.0255,"35":0.025,"22":0.025,"33":0.025,"3":0.0245,"15":0.0245},"38":{"30":0.03746556473829201,"5":0.03746556473829201,"19":0.03581267217630854,"23":0.03140495867768595,"2":0.03085399449035813,"22":0.029201101928374655,"11":0.02809917355371901,"7":0.02699724517906336,"31":0.02699724517906336,"10":0.025895316804407712,"13":0.025895316804407712,"24":0.02534435261707989,"36":0.02534435261707989,"45":0.02534435261707989,"37":0.024793388429752067},"4":{"25":0.036744186046511626,"42":0.03302325581395349,"28":0.03162790697674418,"27":0.031162790697674417,"41":0.030697674418604652,"35":0.02883720930232558,"32":0.027906976744186046,"37":0.02744186046511628,"7":0.026976744186046512,"16":0.026976744186046512,"43":0.026976744186046512,"15":0.026976744186046512,"10":0.026046511627906978,"17":0.026046511627906978,"13":0.024186046511627906},"10":{"22":0.0334841628959276,"8":0.03257918552036199,"27":0.03076923076923077,"11":0.02850678733031674,"1":0.027149321266968326,"43":0.027149321266968326,"36":0.02669683257918552,"35":0.025791855203619908,"37":0.025791855203619908,"42":0.025791855203619908,"4":0.025339366515837104,"21":0.024886877828054297,"24":0.024434389140271493,"44":0.024434389140271493,"26":0.024434389140271493},"13":{"1":0.034170854271356785,"20":0.033668341708542715,"37":0.03015075376884422,"28":0.02864321608040201,"7":0.02864321608040201,"19":0.02763819095477387,"14":0.027135678391959798,"4":0.02613065326633166,"10":0.02613065326633166,"17":0.02562814070351759,"24":0.02512562814070352,"27":0.02512562814070352,"30":0.024623115577889446,"22":0.024120603015075376,"38":0.023618090452261306},"21":{"35":0.03213296398891967,"10":0.030470914127423823,"14":0.030470914127423823,"28":0.029916897506925208,"44":0.029916897506925208,"43":0.029362880886426593,"34":0.028808864265927978,"12":0.028254847645429362,"24":0.027146814404432132,"45":0.027146814404432132,"33":0.026592797783933517,"39":0.02548476454293629,"19":0.024930747922437674,"25":0.024930747922437674,"27":0.02437673130193906},"22":{"20":0.036,"10":0.03288888888888889,"36":0.030666666666666665,"44":0.030222222222222223,"18":0.029333333333333333,"5":0.028888888888888888,"31":0.028,"16":0.028,"29":0.02666666666666667,"35":0.02666666666666667,"43":0.026222222222222223,"28":0.025777777777777778,"26":0.025333333333333333,"24":0.025333333333333333,"23":0.025333333333333333},"1":{"13":0.035509138381201046,"7":0.03342036553524804,"10":0.031331592689295036,"16":0.03080939947780679,"23":0.028720626631853787,"9":0.027676240208877285,"44":0.027154046997389034,"14":0.027154046997389034,"40":0.02610966057441253,"36":0.025587467362924284,"22":0.025065274151436032,"24":0.02454308093994778,"4":0.02454308093994778,"37":0.02454308093994778,"39":0.02454308093994778},"5":{"38":0.03434343434343434,"22":0.03282828282828283,"45":0.029292929292929294,"28":0.026767676767676767,"31":0.026767676767676767,"6":0.025757575757575757,"7":0.025757575757575757,"37":0.025757575757575757,"25":0.025757575757575757,"14":0.025252525252525252,"10":0.025252525252525252,"16":0.024747474747474747,"39":0.024747474747474747,"24":0.024242424242424242,"32":0.024242424242424242},"28":{"16":0.030463576158940398,"4":0.030022075055187638,"44":0.02869757174392936,"8":0.02869757174392936,"6":0.02781456953642384,"35":0.02781456953642384,"11":0.026048565121412803,"20":0.025607064017660046,"22":0.025607064017660046,"45":0.025165562913907286,"13":0.025165562913907286,"36":0.024724061810154525,"42":0.024724061810154525,"43":0.024282560706401765,"31":0.02384105960264901},"31":{"8":0.0330188679245283,"19":0.031132075471698113,"36":0.03018867924528302,"34":0.029716981132075472,"22":0.029716981132075472,"18":0.028773584905660378,"15":0.028773584905660378,"2":0.026415094339622643,"37":0.026415094339622643,"28":0.02547169811320755,"24":0.02547169811320755,"5":0.025,"43":0.024528301886792454,"35":0.024528301886792454,"29":0.024056603773584907},"44":{"6":0.03394495412844037,"29":0.03256880733944954,"22":0.031192660550458717,"28":0.02981651376146789,"7":0.02981651376146789,"14":0.02889908256880734,"20":0.02798165137614679,"19":0.02798165137614679,"11":0.027522935779816515,"45":0.02706422018348624,"24":0.026605504587155965,"37":0.025688073394495414,"30":0.024770642201834864,"10":0.024770642201834864,"16":0.024770642201834864},"45":{"30":0.031961259079903145,"18":0.030508474576271188,"7":0.029055690072639227,"44":0.02857142857142857,"36":0.02857142857142857,"33":0.02857142857142857,"5":0.028087167070217918,"24":0.028087167070217918,"42":0.028087167070217918,"28":0.027602905569007265,"20":0.027602905569007265,"19":0.02711864406779661,"41":0.02711864406779661,"37":0.026634382566585957,"8":0.024697336561743343},"39":{"6":0.03956639566395664,"25":0.034688346883468835,"35":0.03197831978319783,"26":0.02872628726287263,"28":0.02872628726287263,"42":0.026558265582655827,"44":0.026558265582655827,"5":0.026558265582655827,"19":0.026016260162601626,"43":0.026016260162601626,"29":0.026016260162601626,"7":0.025474254742547425,"1":0.025474254742547425,"4":0.024932249322493227,"10":0.024932249322493227},"42":{"4":0.03405275779376499,"26":0.03405275779376499,"30":0.03405275779376499,"11":0.03117505995203837,"24":0.030695443645083934,