{"scores":{"1":0.0213971397139714,"2":0.020847084708470846,"3":0.019801980198019802,"4":0.023487348734873487,"5":0.021837183718371837,"6":0.021837183718371837,"7":0.024257425742574258,"8":0.022057205720572057,"9":0.022167216721672166,"10":0.02414741474147415,"11":0.022497249724972496,"12":0.019306930693069307,"13":0.022442244224422443,"14":0.022112211221122113,"15":0.020187018701870188,"16":0.023047304730473048,"17":0.02013201320132013,"18":0.021892189218921894,"19":0.023872387238723872,"20":0.023322332233223324,"21":0.019856985698569855,"22":0.02442244224422442,"23":0.022387238723872386,"24":0.024367436743674368,"25":0.021012101210121013,"26":0.022277227722772276,"27":0.02167216721672167,"28":0.024642464246424644,"29":0.02299229922992299,"30":0.024367436743674368,"31":0.0231023102310231,"32":0.02035203520352035,"33":0.020572057205720574,"34":0.021892189218921894,"35":0.023432343234323433,"36":0.022332233223322333,"37":0.024367436743674368,"38":0.019691969196919692,"39":0.020572057205720574,"40":0.019361936193619363,"41":0.023212321232123214,"42":0.023047304730473048,"43":0.021617161716171618,"44":0.024477447744774478,"45":0.023322332233223324},"pair_scores":{"12":{"29":0.03076923076923077,"21":0.02905982905982906,"44":0.02849002849002849,"43":0.02849002849002849,"4":0.02735042735042735,"9":0.02735042735042735,"28":0.02735042735042735,"34":0.02678062678062678,"45":0.02678062678062678,"41":0.02621082621082621,"16":0.02621082621082621,"22":0.02564102564102564,"2":0.02564102564102564,"35":0.02507122507122507,"7":0.02507122507122507},"17":{"3":0.03278688524590164,"15":0.03224043715846994,"19":0.03169398907103825,"4":0.030601092896174863,"42":0.030054644808743168,"2":0.02841530054644809,"16":0.02841530054644809,"13":0.027868852459016394,"9":0.027868852459016394,"27":0.0273224043715847,"31":0.0273224043715847,"26":0.02622950819672131,"11":0.025683060109289616,"28":0.025136612021857924,"8":0.025136612021857924},"23":{"26":0.029484029484029485,"41":0.028992628992628992,"37":0.028992628992628992,"25":0.0285012285012285,"8":0.027518427518427518,"1":0.02702702702702703,"27":0.02702702702702703,"38":0.026535626535626536,"2":0.026535626535626536,"22":0.026535626535626536,"28":0.026535626535626536,"29":0.026044226044226043,"34":0.025552825552825554,"44":0.025552825552825554,"4":0.02506142506142506},"25":{"4":0.041361256544502616,"35":0.03507853403141361,"39":0.032984293193717276,"23":0.030366492146596858,"18":0.02774869109947644,"10":0.027225130890052355,"41":0.027225130890052355,"5":0.026701570680628273,"8":0.02617801047120419,"26":0.025130890052356022,"30":0.025130890052356022,"40":0.024607329842931937,"1":0.024607329842931937,"22":0.024083769633507852,"29":0.024083769633507852},"34":{"16":0.032663316582914576,"20":0.03165829145728643,"31":0.031155778894472363,"26":0.03015075376884422,"18":0.03015075376884422,"7":0.02864321608040201,"30":0.02864321608040201,"23":0.02613065326633166,"21":0.02613065326633166,"6":0.02562814070351759,"35":0.02512562814070352,"33":0.02512562814070352,"3":0.024623115577889446,"42":0.024120603015075376,"15":0.024120603015075376},"38":{"30":0.03798882681564246,"5":0.03798882681564246,"19":0.036312849162011177,"2":0.030726256983240222,"23":0.030167597765363128,"22":0.027932960893854747,"7":0.027374301675977653,"31":0.027374301675977653,"11":0.026815642458100558,"10":0.026256983240223464,"13":0.02569832402234637,"36":0.02569832402234637,"37":0.025139664804469275,"24":0.025139664804469275,"45":0.025139664804469275},"4":{"25":0.03700234192037471,"42":0.03185011709601874,"28":0.03185011709601874,"27":0.03138173302107728,"41":0.030913348946135833,"35":0.029039812646370025,"32":0.02810304449648712,"37":0.02763466042154567,"16":0.027166276346604217,"43":0.027166276346604217,"15":0.027166276346604217,"10":0.02622950819672131,"17":0.02622950819672131,"7":0.02576112412177986,"13":0.024355971896955503},"10":{"8":0.03280182232346242,"22":0.03234624145785877,"27":0.030979498861047835,"11":0.028701594533029614,"1":0.02733485193621868,"43":0.02733485193621868,"35":0.025968109339407745,"37":0.025968109339407745,"42":0.025968109339407745,"4":0.0255125284738041,"36":0.0255125284738041,"21":0.025056947608200455,"24":0.02460136674259681,"44":0.02460136674259681,"7":0.024145785876993165},"13":{"1":0.03627450980392157,"20":0.03284313725490196,"37":0.03235294117647059,"14":0.029411764705882353,"7":0.027941176470588237,"28":0.027450980392156862,"19":0.02696078431372549,"22":0.025980392156862746,"4":0.025490196078431372,"10":0.025490196078431372,"26":0.025490196078431372,"17":0.025,"27":0.024509803921568627,"24":0.024019607843137256,"30":0.024019607843137256},"21":{"35":0.03213296398891967,"10":0.030470914127423823,"14":0.030470914127423823,"28":0.029916897506925208,"44":0.029916897506925208,"43":0.029362880886426593,"34":0.028808864265927978,"12":0.028254847645429362,"24":0.027146814404432132,"45":0.027146814404432132,"33":0.026592797783933517,"39":0.02548476454293629,"19":0.024930747922437674,"25":0.024930747922437674,"27":0.02437673130193906},"22":{"20":0.03513513513513514,"44":0.03333333333333333,"10":0.03198198198198198,"36":0.02972972972972973,"18":0.02927927927927928,"16":0.02837837837837838,"14":0.027927927927927927,"26":0.02702702702702703,"35":0.02702702702702703,"5":0.02702702702702703,"29":0.026576576576576576,"37":0.026126126126126126,"24":0.025675675675675677,"28":0.025675675675675677,"43":0.025225225225225224},"1":{"13":0.038046272493573265,"7":0.032904884318766064,"10":0.030848329048843187,"16":0.030334190231362468,"23":0.028277634961439587,"9":0.02724935732647815,"44":0.02673521850899743,"14":0.02673521850899743,"35":0.02622107969151671,"40":0.02570694087403599,"36":0.02519280205655527,"5":0.024678663239074552,"22":0.024678663239074552,"24":0.02416452442159383,"4":0.02416452442159383},"5":{"38":0.03425692695214106,"22":0.030226700251889168,"45":0.029219143576826197,"32":0.027204030226700253,"28":0.02619647355163728,"29":0.02619647355163728,"37":0.025692695214105794,"25":0.025692695214105794,"31":0.02518891687657431,"6":0.02518891687657431,"14":0.02518891687657431,"7":0.02518891687657431,"16":0.02468513853904282,"39":0.02468513853904282,"1":0.024181360201511334},"28":{"4":0.030357142857142857,"16":0.029464285714285714,"8":0.029017857142857144,"6":0.028125,"35":0.028125,"44":0.027678571428571427,"11":0.026339285714285714,"20":0.025892857142857145,"45":0.02544642857142857,"22":0.02544642857142857,"13":0.025,"36":0.025,"42":0.025,"43":0.024553571428571428,"21":0.024107142857142858},"31":{"8":0.032857142857142856,"18":0.030476190476190476,"19":0.03,"34":0.029523809523809525,"36":0.029047619047619048,"15":0.02857142857142857,"2":0.02666666666666667,"37":0.02666666666666667,"22":0.02666666666666667,"45":0.02619047619047619,"24":0.025714285714285714,"43":0.024761904761904763,"35":0.024761904761904763,"28":0.024285714285714285,"29":0.024285714285714285},"44":{"6":0.035955056179775284,"22":0.03325842696629214,"29":0.03191011235955056,"14":0.029662921348314608,"11":0.028314606741573035,"28":0.027865168539325844,"7":0.027865168539325844,"37":0.027865168539325844,"45":0.02651685393258427,"20":0.02606741573033708,"19":0.02606741573033708,"24":0.02606741573033708,"26":0.025168539325842697,"9":0.025168539325842697,"30":0.024269662921348314},"45":{"30":0.033962264150943396,"18":0.032547169811320754,"7":0.031132075471698113,"37":0.028773584905660378,"44":0.027830188679245284,"36":0.027830188679245284,"5":0.027358490566037737,"24":0.027358490566037737,"33":0.027358490566037737,"28":0.02688679245283019,"42":0.02688679245283019,"20":0.02688679245283019,"19":0.026415094339622643,"41":0.026415094339622643,"31":0.025943396226415096},"39":{"6":0.039037433155080216,"25":0.033689839572192515,"35":0.031016042780748664,"26":0.028342245989304814,"28":0.028342245989304814,"45":0.02727272727272727,"30":0.026737967914438502,"42":0.026203208556149733,"44":0.026203208556149733,"5":0.026203208556149733,"19":0.025668449197860963,"43":0.025668449197860963,