{"scores":{"1":0.021615281501340483,"2":0.021336014298480786,"3":0.018822609472743522,"4":0.024910634495084898,"5":0.021503574620196603,"6":0.02172698838248436,"7":0.024910634495084898,"8":0.022844057193923146,"9":0.020777479892761394,"10":0.02518990169794459,"11":0.022006255585344057,"12":0.02033065236818588,"13":0.022173815907059875,"14":0.02167113494191242,"15":0.020721626452189456,"16":0.022955764075067026,"17":0.01954870420017873,"18":0.02167113494191242,"19":0.023402591599642537,"20":0.023849419124218053,"21":0.01954870420017873,"22":0.02485478105451296,"23":0.023626005361930293,"24":0.02379356568364611,"25":0.021559428060768545,"26":0.021894548704200177,"27":0.021447721179624665,"28":0.025022341376228777,"29":0.02239722966934763,"30":0.023067470956210902,"31":0.023402591599642537,"32":0.019939678284182305,"33":0.020945040214477212,"34":0.021894548704200177,"35":0.023067470956210902,"36":0.022285522788203754,"37":0.023626005361930293,"38":0.01966041108132261,"39":0.019772117962466487,"40":0.01971626452189455,"41":0.022844057193923146,"42":0.0233467381590706,"43":0.02239722966934763,"44":0.02474307417336908,"45":0.02317917783735478},"pair_scores":{"12":{"43":0.03131868131868132,"29":0.03021978021978022,"2":0.02857142857142857,"44":0.027472527472527472,"31":0.027472527472527472,"28":0.026923076923076925,"4":0.026373626373626374,"9":0.026373626373626374,"22":0.026373626373626374,"21":0.026373626373626374,"45":0.026373626373626374,"25":0.025824175824175823,"34":0.025824175824175823,"36":0.024725274725274724,"17":0.024175824175824177},"17":{"15":0.036,"4":0.03371428571428572,"2":0.03142857142857143,"16":0.03142857142857143,"42":0.03142857142857143,"19":0.029714285714285714,"28":0.028,"8":0.028,"3":0.027428571428571427,"13":0.027428571428571427,"12":0.025142857142857144,"27":0.025142857142857144,"31":0.025142857142857144,"30":0.025142857142857144,"41":0.02457142857142857},"23":{"38":0.029787234042553193,"22":0.029787234042553193,"1":0.02884160756501182,"41":0.027895981087470448,"37":0.027895981087470448,"8":0.027895981087470448,"25":0.027423167848699765,"26":0.02695035460992908,"29":0.02695035460992908,"20":0.02695035460992908,"27":0.026477541371158392,"28":0.026004728132387706,"4":0.02553191489361702,"2":0.02553191489361702,"16":0.025059101654846337},"25":{"4":0.04248704663212435,"35":0.035233160621761656,"39":0.03316062176165803,"23":0.03005181347150259,"10":0.027461139896373058,"18":0.027461139896373058,"41":0.02694300518134715,"8":0.026424870466321245,"5":0.026424870466321245,"28":0.025906735751295335,"30":0.02538860103626943,"31":0.024870466321243522,"13":0.024870466321243522,"26":0.024870466321243522,"1":0.024870466321243522},"34":{"16":0.03316326530612245,"31":0.0326530612244898,"20":0.03214285714285714,"18":0.030612244897959183,"7":0.02959183673469388,"26":0.027551020408163266,"33":0.027040816326530614,"23":0.026530612244897958,"6":0.026020408163265306,"22":0.025510204081632654,"3":0.025,"42":0.025,"8":0.024489795918367346,"28":0.024489795918367346,"12":0.023979591836734693},"38":{"19":0.036931818181818184,"23":0.03579545454545455,"30":0.035227272727272725,"5":0.035227272727272725,"2":0.03238636363636364,"13":0.028409090909090908,"31":0.02784090909090909,"10":0.026704545454545453,"22":0.026704545454545453,"45":0.026704545454545453,"7":0.026136363636363635,"14":0.026136363636363635,"11":0.02556818181818182,"43":0.02556818181818182,"24":0.024431818181818183},"4":{"25":0.036771300448430494,"28":0.03452914798206278,"42":0.03228699551569507,"27":0.030044843049327353,"41":0.029596412556053813,"35":0.02780269058295964,"7":0.027354260089686097,"43":0.027354260089686097,"15":0.027354260089686097,"32":0.026905829596412557,"17":0.026457399103139014,"37":0.026457399103139014,"13":0.02600896860986547,"16":0.02600896860986547,"10":0.025112107623318385},"10":{"22":0.03325942350332594,"8":0.03237250554323725,"27":0.030598669623059866,"11":0.02926829268292683,"1":0.0270509977827051,"37":0.0270509977827051,"43":0.0270509977827051,"21":0.02616407982261641,"36":0.02616407982261641,"35":0.025277161862527715,"32":0.025277161862527715,"42":0.025277161862527715,"4":0.02483370288248337,"24":0.024390243902439025,"44":0.024390243902439025},"13":{"20":0.03727959697732997,"1":0.035768261964735516,"7":0.030730478589420653,"4":0.029219143576826197,"37":0.027204030226700253,"6":0.026700251889168764,"10":0.02619647355163728,"28":0.02619647355163728,"22":0.025692695214105794,"38":0.02518891687657431,"27":0.02518891687657431,"19":0.02468513853904282,"14":0.024181360201511334,"17":0.024181360201511334,"25":0.024181360201511334},"21":{"10":0.03371428571428572,"44":0.030857142857142857,"43":0.030285714285714287,"35":0.029714285714285714,"14":0.02857142857142857,"45":0.028,"12":0.027428571428571427,"28":0.027428571428571427,"33":0.027428571428571427,"34":0.026285714285714287,"19":0.025714285714285714,"25":0.025714285714285714,"27":0.025142857142857144,"18":0.025142857142857144,"37":0.025142857142857144},"22":{"20":0.0350561797752809,"10":0.033707865168539325,"44":0.03191011235955056,"36":0.031011235955056178,"18":0.029662921348314608,"5":0.029213483146067417,"29":0.028314606741573035,"35":0.028314606741573035,"23":0.028314606741573035,"31":0.028314606741573035,"43":0.02696629213483146,"16":0.02696629213483146,"28":0.02606741573033708,"26":0.025617977528089888,"14":0.025617977528089888},"1":{"13":0.03669250645994832,"7":0.03462532299741602,"23":0.03152454780361757,"10":0.03152454780361757,"44":0.029974160206718347,"9":0.028940568475452195,"16":0.02739018087855297,"14":0.026873385012919897,"36":0.026873385012919897,"40":0.025839793281653745,"4":0.025839793281653745,"30":0.025322997416020673,"6":0.024806201550387597,"22":0.024806201550387597,"25":0.024806201550387597},"5":{"22":0.033766233766233764,"38":0.032207792207792206,"45":0.03064935064935065,"31":0.027532467532467533,"7":0.026493506493506493,"25":0.026493506493506493,"14":0.025974025974025976,"10":0.025974025974025976,"24":0.024935064935064935,"32":0.024935064935064935,"41":0.024935064935064935,"8":0.024935064935064935,"28":0.024415584415584415,"23":0.024415584415584415,"42":0.024415584415584415},"28":{"4":0.034375,"8":0.03080357142857143,"44":0.029017857142857144,"16":0.02857142857142857,"11":0.027232142857142858,"45":0.026785714285714284,"43":0.026339285714285714,"22":0.025892857142857145,"35":0.025892857142857145,"36":0.025,"7":0.025,"6":0.024553571428571428,"20":0.024553571428571428,"23":0.024553571428571428,"31":0.024107142857142858},"31":{"8":0.03484486873508353,"19":0.031503579952267304,"34":0.03054892601431981,"22":0.03007159904534606,"36":0.029116945107398567,"15":0.029116945107398567,"18":0.026252983293556086,"43":0.026252983293556086,"28":0.025775656324582338,"24":0.025775656324582338,"5":0.025298329355608593,"35":0.024821002386634844,"29":0.0243436754176611,"20":0.0243436754176611,"10":0.0243436754176611},"44":{"6":0.03476297968397291,"22":0.032054176072234764,"7":0.03069977426636569,"45":0.029796839729119638,"28":0.029345372460496615,"29":0.029345372460496615,"19":0.028893905191873587,"14":0.028442437923250564,"11":0.027539503386004513,"1":0.02618510158013544,"20":0.02618510158013544,"16":0.025733634311512415,"37":0.02528216704288939,"30":0.024830699774266364,"10":0.024830699774266364},"45":{"30":0.034216867469879515,"44":0.03180722891566265,"7":0.030361445783132532,"28":0.02891566265060241,"42":0.02891566265060241,"20":0.02891566265060241,"5":0.028433734939759037,"24":0.028433734939759037,"33":0.027951807228915663,"18":0.02746987951807229,"37":0.02650602409638554,"36":0.026024096385542168,"35":0.026024096385542168,"40":0.02506024096385542,"15":0.02506024096385542},"39":{"25":0.03615819209039548,"6":0.03446327683615819,"35":0.029943502824858758,"26":0.029943502824858758,"43":0.0288135593220339,"42":0.02768361581920904,"44":0.02768361581920904,"29":0.02711864406779661,"7":0.02655367231638418,"1":0.02655367231638418,"4":0.02598870056497175,"10":0.02598870056497175,"22":0.02598870056497175,