{"scores":{"1":0.021654419951013137,"2":0.021264751725673568,"3":0.019093743041638835,"4":0.02477176575372968,"5":0.021431752393676243,"6":0.02137608550434202,"7":0.024660431975061233,"8":0.022712090848363394,"9":0.020652415942997104,"10":0.024938766421732355,"11":0.022155421955021154,"12":0.020374081496325986,"13":0.022767757737697618,"14":0.021765753729681585,"15":0.02059674905366288,"16":0.02321309285237141,"17":0.019260743709641506,"18":0.021765753729681585,"19":0.023547094188376753,"20":0.023547094188376753,"21":0.019650411934981075,"22":0.02477176575372968,"23":0.02321309285237141,"24":0.02432643063905589,"25":0.021431752393676243,"26":0.02209975506568693,"27":0.021320418615007792,"28":0.02516143397906925,"29":0.0222667557336896,"30":0.02293475840570029,"31":0.0236584279670452,"32":0.020151413938989088,"33":0.02115341794700512,"34":0.02182142061901581,"35":0.02293475840570029,"36":0.022712090848363394,"37":0.023881095524382098,"38":0.019761745713649522,"39":0.01987307949231797,"40":0.019594745045646848,"41":0.02293475840570029,"42":0.02321309285237141,"43":0.022155421955021154,"44":0.024660431975061233,"45":0.022767757737697618},"pair_scores":{"12":{"29":0.030054644808743168,"43":0.029508196721311476,"21":0.029508196721311476,"44":0.0273224043715847,"31":0.0273224043715847,"28":0.026775956284153007,"2":0.026775956284153007,"4":0.02622950819672131,"9":0.02622950819672131,"22":0.02622950819672131,"45":0.02622950819672131,"25":0.025683060109289616,"34":0.025683060109289616,"16":0.025683060109289616,"41":0.025136612021857924},"17":{"15":0.035838150289017344,"4":0.03410404624277456,"2":0.031791907514450865,"19":0.03005780346820809,"16":0.03005780346820809,"13":0.029479768786127167,"31":0.028901734104046242,"28":0.028323699421965318,"8":0.028323699421965318,"42":0.028323699421965318,"3":0.027745664739884393,"37":0.02601156069364162,"27":0.025433526011560695,"18":0.02485549132947977,"26":0.024277456647398842},"23":{"22":0.030215827338129497,"38":0.02877697841726619,"41":0.028297362110311752,"37":0.028297362110311752,"8":0.028297362110311752,"25":0.027817745803357313,"1":0.027817745803357313,"26":0.027338129496402876,"29":0.027338129496402876,"27":0.02685851318944844,"28":0.026378896882494004,"4":0.025899280575539568,"2":0.025899280575539568,"20":0.025899280575539568,"34":0.024940047961630695},"25":{"4":0.0425974025974026,"35":0.03532467532467533,"39":0.03324675324675325,"23":0.03012987012987013,"18":0.027532467532467533,"10":0.027012987012987013,"41":0.027012987012987013,"8":0.026493506493506493,"5":0.026493506493506493,"28":0.025974025974025976,"30":0.025454545454545455,"31":0.024935064935064935,"13":0.024935064935064935,"26":0.024935064935064935,"12":0.024415584415584415},"34":{"16":0.03316326530612245,"31":0.0326530612244898,"20":0.03214285714285714,"18":0.030612244897959183,"7":0.02959183673469388,"26":0.027551020408163266,"33":0.027040816326530614,"23":0.026530612244897958,"6":0.026020408163265306,"22":0.025510204081632654,"3":0.025,"42":0.025,"8":0.024489795918367346,"28":0.024489795918367346,"12":0.023979591836734693},"38":{"19":0.036619718309859155,"30":0.03492957746478873,"5":0.03492957746478873,"23":0.03380281690140845,"2":0.03211267605633803,"11":0.02873239436619718,"36":0.0276056338028169,"31":0.0276056338028169,"10":0.02647887323943662,"13":0.02647887323943662,"22":0.02647887323943662,"45":0.02647887323943662,"7":0.025915492957746478,"14":0.025915492957746478,"43":0.02535211267605634},"4":{"25":0.036853932584269666,"28":0.03460674157303371,"42":0.03191011235955056,"27":0.0301123595505618,"41":0.029662921348314608,"35":0.027865168539325844,"7":0.027415730337078652,"43":0.027415730337078652,"15":0.027415730337078652,"32":0.02696629213483146,"17":0.02651685393258427,"37":0.02651685393258427,"13":0.02606741573033708,"16":0.02606741573033708,"10":0.025168539325842697},"10":{"22":0.033482142857142856,"8":0.03214285714285714,"27":0.030357142857142857,"11":0.029017857142857144,"37":0.027232142857142858,"43":0.027232142857142858,"1":0.026785714285714284,"21":0.026339285714285714,"36":0.026339285714285714,"35":0.02544642857142857,"42":0.02544642857142857,"4":0.025,"32":0.025,"44":0.024553571428571428,"24":0.024107142857142858},"13":{"1":0.03471882640586797,"20":0.03471882640586797,"37":0.029339853300733496,"4":0.028361858190709046,"28":0.028361858190709046,"7":0.028361858190709046,"19":0.02689486552567237,"14":0.026405867970660146,"10":0.025427872860635695,"22":0.02493887530562347,"17":0.02493887530562347,"24":0.02444987775061125,"27":0.02444987775061125,"30":0.02444987775061125,"6":0.02444987775061125},"21":{"10":0.03342776203966006,"12":0.03059490084985836,"44":0.03059490084985836,"43":0.03002832861189802,"35":0.029461756373937678,"14":0.028328611898016998,"24":0.027762039660056657,"45":0.027762039660056657,"28":0.027195467422096317,"33":0.027195467422096317,"34":0.026062322946175637,"19":0.025495750708215296,"25":0.025495750708215296,"27":0.024929178470254956,"37":0.024929178470254956},"22":{"20":0.0350561797752809,"10":0.033707865168539325,"44":0.03191011235955056,"36":0.031011235955056178,"18":0.029662921348314608,"5":0.029213483146067417,"29":0.028314606741573035,"35":0.028314606741573035,"23":0.028314606741573035,"31":0.028314606741573035,"43":0.02696629213483146,"16":0.02696629213483146,"28":0.02606741573033708,"26":0.025617977528089888,"14":0.025617977528089888},"1":{"13":0.03650385604113111,"7":0.03444730077120823,"10":0.030848329048843187,"16":0.030334190231362468,"44":0.02982005141388175,"23":0.02982005141388175,"9":0.02879177377892031,"14":0.02673521850899743,"40":0.02570694087403599,"4":0.02570694087403599,"36":0.02519280205655527,"22":0.024678663239074552,"24":0.02416452442159383,"19":0.02416452442159383,"6":0.02416452442159383},"5":{"22":0.033766233766233764,"38":0.032207792207792206,"45":0.03064935064935065,"31":0.027532467532467533,"7":0.026493506493506493,"25":0.026493506493506493,"14":0.025974025974025976,"10":0.025974025974025976,"24":0.024935064935064935,"32":0.024935064935064935,"41":0.024935064935064935,"8":0.024935064935064935,"28":0.024415584415584415,"23":0.024415584415584415,"42":0.024415584415584415},"28":{"4":0.034070796460176994,"8":0.03008849557522124,"44":0.028761061946902654,"16":0.02831858407079646,"45":0.02654867256637168,"11":0.02654867256637168,"43":0.026106194690265486,"13":0.02566371681415929,"22":0.02566371681415929,"35":0.025221238938053097,"36":0.024778761061946902,"7":0.024778761061946902,"42":0.024778761061946902,"20":0.024336283185840708,"23":0.024336283185840708},"31":{"8":0.034352941176470586,"19":0.031058823529411764,"34":0.03011764705882353,"22":0.029647058823529412,"18":0.028705882352941175,"36":0.028705882352941175,"15":0.028705882352941175,"2":0.02635294117647059,"37":0.02635294117647059,"43":0.02588235294117647,"28":0.025411764705882352,"24":0.025411764705882352,"5":0.024941176470588234,"35":0.02447058823529412,"29":0.024},"44":{"6":0.03476297968397291,"22":0.032054176072234764,"7":0.03069977426636569,"45":0.029796839729119638,"28":0.029345372460496615,"29":0.029345372460496615,"19":0.028893905191873587,"14":0.028442437923250564,"11":0.027539503386004513,"1":0.02618510158013544,"20":0.02618510158013544,"16":0.025733634311512415,"37":0.02528216704288939,"30":0.024830699774266364,"10":0.024830699774266364},"45":{"30":0.033251833740831294,"44":0.03227383863080684,"28":0.029339853300733496,"7":0.029339853300733496,"20":0.029339853300733496,"5":0.02885085574572127,"24":0.02885085574572127,"33":0.028361858190709046,"18":0.02787286063569682,"37":0.02689486552567237,"36":0.026405867970660146,"35":0.026405867970660146,"42":0.026405867970660146,"40":0.025427872860635695,"15":0.025427872860635695},"39":{"25":0.035854341736694675,"6":0.03417366946778711,"35":0.02969187675070028,"26":0.02969187675070028,"42":0.027450980392156862,"44":0.027450980392156862,"19":0.02689075630252101,"43":0.02689075630252101,"29":0.02689075630252101,"7":0.026330532212885154,"1":0.026330532212885154,"4":0.0257703081232493,