{"scores":{"1":0.021401641162120205,"2":0.021124417831004657,"3":0.01935018851186516,"4":0.024340208471945,"5":0.022011532490574408,"6":0.02178975382568197,"7":0.02439565313816811,"8":0.022344200487913062,"9":0.021235307163450876,"10":0.024672876469283653,"11":0.02190064315812819,"12":0.02007096917276558,"13":0.02262142381902861,"14":0.021956087824351298,"15":0.020625415834996674,"16":0.023674872477267687,"17":0.019516522510534488,"18":0.02162341982701264,"19":0.023619427811044577,"20":0.023342204479929032,"21":0.019849190507873142,"22":0.025282767797737856,"23":0.022787757817697936,"24":0.024340208471945,"25":0.021124417831004657,"26":0.022177866489243733,"27":0.02156797516078953,"28":0.02506098913284542,"29":0.02245508982035928,"30":0.023730317143490796,"31":0.02339764914615214,"32":0.020292747837658016,"33":0.020791749833666003,"34":0.022233311155466843,"35":0.023342204479929032,"36":0.02262142381902861,"37":0.02406298514082945,"38":0.0201818585052118,"39":0.02012641383898869,"40":0.01918385451319583,"41":0.022787757817697936,"42":0.022898647150144155,"43":0.02167886449323575,"44":0.02417387447327567,"45":0.022233311155466843},"pair_scores":{"12":{"29":0.03038674033149171,"21":0.02983425414364641,"43":0.0281767955801105,"44":0.027624309392265192,"28":0.02707182320441989,"2":0.02707182320441989,"4":0.026519337016574586,"9":0.026519337016574586,"22":0.026519337016574586,"45":0.026519337016574586,"34":0.025966850828729283,"31":0.025966850828729283,"16":0.025966850828729283,"25":0.02541436464088398,"41":0.02541436464088398},"17":{"15":0.035227272727272725,"4":0.033522727272727273,"2":0.03125,"3":0.03068181818181818,"19":0.029545454545454545,"16":0.029545454545454545,"13":0.028977272727272727,"27":0.028409090909090908,"31":0.028409090909090908,"28":0.02784090909090909,"8":0.02784090909090909,"42":0.02784090909090909,"37":0.02556818181818182,"18":0.024431818181818183,"26":0.023863636363636365},"23":{"22":0.030656934306569343,"41":0.028710462287104624,"37":0.028710462287104624,"8":0.028710462287104624,"25":0.028223844282238442,"38":0.027737226277372264,"29":0.027737226277372264,"27":0.027250608272506083,"1":0.0267639902676399,"28":0.0267639902676399,"4":0.026277372262773723,"26":0.026277372262773723,"2":0.026277372262773723,"20":0.026277372262773723,"34":0.025304136253041364},"25":{"4":0.04146981627296588,"35":0.03569553805774278,"39":0.03359580052493438,"23":0.030446194225721784,"18":0.027821522309711286,"10":0.027296587926509186,"41":0.027296587926509186,"5":0.026771653543307086,"8":0.026246719160104987,"30":0.025721784776902887,"31":0.025196850393700787,"13":0.025196850393700787,"26":0.025196850393700787,"28":0.024671916010498687,"1":0.024671916010498687},"34":{"16":0.032418952618453865,"31":0.03192019950124688,"20":0.0314214463840399,"26":0.029925187032418952,"18":0.029925187032418952,"7":0.02892768079800499,"30":0.028428927680798004,"23":0.02593516209476309,"21":0.02593516209476309,"6":0.02543640897755611,"35":0.02493765586034913,"22":0.02493765586034913,"33":0.02493765586034913,"3":0.024438902743142144,"42":0.024438902743142144},"38":{"30":0.03736263736263736,"5":0.03736263736263736,"19":0.03571428571428571,"23":0.03131868131868132,"2":0.03131868131868132,"22":0.02912087912087912,"11":0.028021978021978023,"7":0.026923076923076925,"31":0.026923076923076925,"10":0.025824175824175823,"13":0.025824175824175823,"45":0.025824175824175823,"24":0.025274725274725275,"14":0.025274725274725275,"36":0.025274725274725275},"4":{"25":0.03599088838268793,"42":0.03234624145785877,"28":0.03234624145785877,"27":0.03052391799544419,"41":0.030068337129840545,"35":0.02824601366742597,"15":0.027790432801822324,"32":0.02733485193621868,"17":0.026879271070615034,"37":0.026879271070615034,"13":0.02642369020501139,"7":0.02642369020501139,"16":0.02642369020501139,"43":0.02642369020501139,"10":0.0255125284738041},"10":{"22":0.03325842696629214,"8":0.032359550561797755,"27":0.03056179775280899,"11":0.028314606741573035,"1":0.02696629213483146,"37":0.02696629213483146,"43":0.02696629213483146,"36":0.02651685393258427,"21":0.02606741573033708,"35":0.025617977528089888,"42":0.025617977528089888,"4":0.025168539325842697,"32":0.024719101123595506,"24":0.024269662921348314,"44":0.024269662921348314},"13":{"1":0.03480392156862745,"20":0.03431372549019608,"37":0.029411764705882353,"4":0.028431372549019607,"28":0.028431372549019607,"7":0.028431372549019607,"19":0.02696078431372549,"14":0.026470588235294117,"10":0.025490196078431372,"22":0.025,"17":0.025,"24":0.024509803921568627,"27":0.024509803921568627,"30":0.024509803921568627,"6":0.024509803921568627},"21":{"10":0.03240223463687151,"35":0.03240223463687151,"14":0.030726256983240222,"12":0.030167597765363128,"44":0.030167597765363128,"43":0.029608938547486034,"34":0.02905027932960894,"24":0.027374301675977653,"45":0.027374301675977653,"28":0.026815642458100558,"33":0.026815642458100558,"19":0.025139664804469275,"25":0.025139664804469275,"27":0.024581005586592177,"37":0.024581005586592177},"22":{"20":0.03684210526315789,"10":0.03245614035087719,"44":0.031140350877192982,"36":0.030263157894736843,"18":0.02894736842105263,"16":0.02894736842105263,"5":0.02850877192982456,"29":0.02763157894736842,"35":0.02763157894736842,"23":0.02763157894736842,"31":0.02763157894736842,"43":0.02587719298245614,"28":0.02543859649122807,"26":0.025,"24":0.025},"1":{"13":0.03678756476683938,"7":0.03316062176165803,"10":0.031088082901554404,"16":0.030569948186528497,"9":0.029015544041450778,"44":0.02849740932642487,"23":0.02849740932642487,"14":0.02694300518134715,"40":0.025906735751295335,"4":0.025906735751295335,"36":0.02538860103626943,"22":0.024870466321243522,"24":0.024352331606217616,"6":0.024352331606217616,"37":0.024352331606217616},"5":{"38":0.03425692695214106,"22":0.0327455919395466,"45":0.029722921914357683,"28":0.026700251889168764,"31":0.026700251889168764,"6":0.02619647355163728,"7":0.025692695214105794,"37":0.025692695214105794,"25":0.025692695214105794,"14":0.02518891687657431,"10":0.02518891687657431,"16":0.02468513853904282,"39":0.02468513853904282,"24":0.024181360201511334,"32":0.024181360201511334},"28":{"4":0.031415929203539826,"16":0.030973451327433628,"8":0.03008849557522124,"44":0.028761061946902654,"35":0.027876106194690265,"11":0.02654867256637168,"13":0.02566371681415929,"22":0.02566371681415929,"45":0.025221238938053097,"6":0.025221238938053097,"43":0.024778761061946902,"36":0.024778761061946902,"42":0.024778761061946902,"23":0.024336283185840708,"31":0.023893805309734513},"31":{"8":0.03317535545023697,"19":0.031279620853080566,"34":0.03033175355450237,"22":0.02985781990521327,"18":0.02890995260663507,"15":0.02890995260663507,"36":0.027488151658767772,"2":0.026540284360189573,"37":0.026540284360189573,"28":0.025592417061611375,"24":0.025592417061611375,"5":0.025118483412322274,"43":0.024644549763033177,"35":0.024644549763033177,"29":0.024170616113744076},"44":{"6":0.035321100917431195,"22":0.03256880733944954,"28":0.02981651376146789,"7":0.02981651376146789,"29":0.02981651376146789,"14":0.02889908256880734,"45":0.028440366972477066,"19":0.02798165137614679,"11":0.027522935779816515,"16":0.02614678899082569,"37":0.025688073394495414,"1":0.02522935779816514,"20":0.02522935779816514,"30":0.024770642201834864,"10":0.024770642201834864},"45":{"30":0.03291770573566085,"44":0.030922693266832918,"7":0.029925187032418952,"5":0.02942643391521197,"24":0.02892768079800499,"28":0.028428927680798004,"18":0.028428927680798004,"20":0.028428927680798004,"37":0.02743142144638404,"36":0.026932668329177057,"33":0.026433915211970076,"42":0.026433915211970076,"35":0.02543640897755611,"19":0.02493765586034913,"21":0.024438902743142144},"39":{"6":0.03691460055096419,"25":0.03526170798898071,"35":0.032506887052341595,"26":0.029201101928374655,"42":0.02699724517906336,"44":0.02699724517906336,"5":0.02699724517906336,"19":0.026446280991735537,"43":0.026446280991735537,"29":0.026446280991735537,"7":0.025895316804407712,"28":0.025895316804407712,