{"scores":{"1":0.02160080375083724,"2":0.02165661978120116,"3":0.018810002232641215,"4":0.02489394954230855,"5":0.021489171690109398,"6":0.02165661978120116,"7":0.02489394954230855,"8":0.02277294038847957,"9":0.020763563295378432,"10":0.025117213663764234,"11":0.021991515963384684,"12":0.02031703505246707,"13":0.02249386023665997,"14":0.02165661978120116,"15":0.020707747265014512,"16":0.02277294038847957,"17":0.019703058718463944,"18":0.021991515963384684,"19":0.023386916722482696,"20":0.023833444965394062,"21":0.01953561062737218,"22":0.02483813351194463,"23":0.02361018084393838,"24":0.023777628935030142,"25":0.02154498772047332,"26":0.021879883902656844,"27":0.021377539629381558,"28":0.02494976557267247,"29":0.022382228175932127,"30":0.022884572449207413,"31":0.02372181290466622,"32":0.019870506809555703,"33":0.020931011386470195,"34":0.021879883902656844,"35":0.023052020540299173,"36":0.022270596115204287,"37":0.023945077026121902,"38":0.019647242688100024,"39":0.019758874748827863,"40":0.019703058718463944,"41":0.02266130832775173,"42":0.023163652601027016,"43":0.022382228175932127,"44":0.02472650145121679,"45":0.022996204509935253},"pair_scores":{"12":{"43":0.03131868131868132,"29":0.03021978021978022,"2":0.02857142857142857,"44":0.027472527472527472,"31":0.027472527472527472,"28":0.026923076923076925,"4":0.026373626373626374,"9":0.026373626373626374,"22":0.026373626373626374,"21":0.026373626373626374,"45":0.026373626373626374,"25":0.025824175824175823,"34":0.025824175824175823,"36":0.024725274725274724,"17":0.024175824175824177},"17":{"15":0.035694050991501414,"2":0.03456090651558073,"4":0.03342776203966006,"13":0.03059490084985836,"19":0.029461756373937678,"16":0.029461756373937678,"42":0.029461756373937678,"31":0.028328611898016998,"28":0.027762039660056657,"8":0.027762039660056657,"3":0.027195467422096317,"37":0.025495750708215296,"12":0.024929178470254956,"27":0.024929178470254956,"18":0.024362606232294616},"23":{"38":0.029787234042553193,"22":0.029787234042553193,"1":0.02884160756501182,"41":0.027895981087470448,"37":0.027895981087470448,"8":0.027895981087470448,"25":0.027423167848699765,"26":0.02695035460992908,"29":0.02695035460992908,"20":0.02695035460992908,"27":0.026477541371158392,"28":0.026004728132387706,"4":0.02553191489361702,"2":0.02553191489361702,"16":0.025059101654846337},"25":{"4":0.04248704663212435,"35":0.035233160621761656,"39":0.03316062176165803,"23":0.03005181347150259,"10":0.027461139896373058,"18":0.027461139896373058,"41":0.02694300518134715,"8":0.026424870466321245,"5":0.026424870466321245,"28":0.025906735751295335,"30":0.02538860103626943,"31":0.024870466321243522,"13":0.024870466321243522,"26":0.024870466321243522,"1":0.024870466321243522},"34":{"16":0.03316326530612245,"31":0.0326530612244898,"20":0.03214285714285714,"18":0.030612244897959183,"7":0.02959183673469388,"26":0.027551020408163266,"33":0.027040816326530614,"23":0.026530612244897958,"6":0.026020408163265306,"22":0.025510204081632654,"3":0.025,"42":0.025,"8":0.024489795918367346,"28":0.024489795918367346,"12":0.023979591836734693},"38":{"19":0.036931818181818184,"23":0.03579545454545455,"30":0.035227272727272725,"5":0.035227272727272725,"2":0.03238636363636364,"13":0.028409090909090908,"31":0.02784090909090909,"10":0.026704545454545453,"22":0.026704545454545453,"45":0.026704545454545453,"7":0.026136363636363635,"14":0.026136363636363635,"11":0.02556818181818182,"43":0.02556818181818182,"24":0.024431818181818183},"4":{"25":0.036771300448430494,"28":0.03452914798206278,"42":0.03228699551569507,"27":0.030044843049327353,"41":0.029596412556053813,"35":0.02780269058295964,"7":0.027354260089686097,"43":0.027354260089686097,"15":0.027354260089686097,"32":0.026905829596412557,"17":0.026457399103139014,"37":0.026457399103139014,"13":0.02600896860986547,"16":0.02600896860986547,"10":0.025112107623318385},"10":{"22":0.03333333333333333,"8":0.032,"27":0.030222222222222223,"11":0.029333333333333333,"1":0.02711111111111111,"37":0.02711111111111111,"43":0.02711111111111111,"21":0.026222222222222223,"36":0.026222222222222223,"35":0.025333333333333333,"42":0.025333333333333333,"4":0.024888888888888887,"32":0.024888888888888887,"24":0.024444444444444446,"44":0.024444444444444446},"13":{"20":0.03672456575682382,"1":0.03523573200992556,"7":0.030272952853598014,"37":0.02977667493796526,"4":0.028784119106699754,"17":0.026799007444168736,"6":0.02630272952853598,"10":0.025806451612903226,"28":0.025806451612903226,"22":0.025310173697270472,"2":0.025310173697270472,"38":0.02481389578163772,"27":0.02481389578163772,"19":0.024317617866004962,"14":0.02382133995037221},"21":{"10":0.03371428571428572,"44":0.030857142857142857,"43":0.030285714285714287,"35":0.029714285714285714,"14":0.02857142857142857,"45":0.028,"12":0.027428571428571427,"28":0.027428571428571427,"33":0.027428571428571427,"34":0.026285714285714287,"19":0.025714285714285714,"25":0.025714285714285714,"27":0.025142857142857144,"18":0.025142857142857144,"37":0.025142857142857144},"22":{"20":0.0350561797752809,"10":0.033707865168539325,"44":0.03191011235955056,"36":0.031011235955056178,"18":0.029662921348314608,"5":0.029213483146067417,"29":0.028314606741573035,"35":0.028314606741573035,"23":0.028314606741573035,"31":0.028314606741573035,"43":0.02696629213483146,"16":0.02696629213483146,"28":0.02606741573033708,"26":0.025617977528089888,"14":0.025617977528089888},"1":{"13":0.03669250645994832,"7":0.03462532299741602,"23":0.03152454780361757,"10":0.03152454780361757,"44":0.029974160206718347,"9":0.028940568475452195,"16":0.02739018087855297,"14":0.026873385012919897,"36":0.026873385012919897,"40":0.025839793281653745,"4":0.025839793281653745,"30":0.025322997416020673,"6":0.024806201550387597,"22":0.024806201550387597,"25":0.024806201550387597},"5":{"22":0.033766233766233764,"38":0.032207792207792206,"45":0.03064935064935065,"31":0.027532467532467533,"7":0.026493506493506493,"25":0.026493506493506493,"14":0.025974025974025976,"10":0.025974025974025976,"24":0.024935064935064935,"32":0.024935064935064935,"41":0.024935064935064935,"8":0.024935064935064935,"28":0.024415584415584415,"23":0.024415584415584415,"42":0.024415584415584415},"28":{"4":0.03445190156599553,"8":0.030425055928411632,"44":0.029082774049217,"16":0.028635346756152126,"11":0.027293064876957495,"45":0.026845637583892617,"43":0.026398210290827742,"22":0.025950782997762864,"35":0.025950782997762864,"36":0.02505592841163311,"7":0.02505592841163311,"20":0.024608501118568233,"23":0.024608501118568233,"31":0.024161073825503355,"6":0.024161073825503355},"31":{"8":0.034352941176470586,"19":0.031058823529411764,"34":0.03011764705882353,"22":0.029647058823529412,"18":0.028705882352941175,"36":0.028705882352941175,"15":0.028705882352941175,"2":0.02635294117647059,"37":0.02635294117647059,"43":0.02588235294117647,"28":0.025411764705882352,"24":0.025411764705882352,"5":0.024941176470588234,"35":0.02447058823529412,"29":0.024},"44":{"6":0.03476297968397291,"22":0.032054176072234764,"7":0.03069977426636569,"45":0.029796839729119638,"28":0.029345372460496615,"29":0.029345372460496615,"19":0.028893905191873587,"14":0.028442437923250564,"11":0.027539503386004513,"1":0.02618510158013544,"20":0.02618510158013544,"16":0.025733634311512415,"37":0.02528216704288939,"30":0.024830699774266364,"10":0.024830699774266364},"45":{"30":0.03300970873786408,"44":0.03203883495145631,"7":0.03058252427184466,"28":0.02912621359223301,"20":0.02912621359223301,"5":0.028640776699029126,"24":0.028640776699029126,"33":0.02815533980582524,"18":0.02766990291262136,"42":0.02766990291262136,"37":0.02669902912621359,"36":0.02621359223300971,"35":0.02621359223300971,"40":0.02524271844660194,"15":0.02524271844660194},"39":{"25":0.03615819209039548,"6":0.03446327683615819,"35":0.029943502824858758,"26":0.029943502824858758,"43":0.0288135593220339,"42":0.02768361581920904,"44":0.02768361581920904,"29":0.02711864406779661,"7":0.02655367231638418,"1":0.02655367231638418,"4":0.02598870056497175,